uid,name,doc,family,nid,type,level,header,text,type_source,claim_type,mechanism_kind,implicit_only,concept,date,nid
setser_dec_15_17#Q,Q  Why does the U.S. trade balance still…,setser_dec_15_17,plain,Q,question,L0,"Why does the U.S. trade balance still matter,
even if deficits can accompany strong growth?","Why does the U.S. trade balance still matter,
even if deficits can accompany strong growth?",class,,,False,,2017-12-15,Q
setser_dec_15_17#P1,P1  Net exports contribute to GDP growth,setser_dec_15_17,plain,P1,stated_assumption,L1,Net exports contribute to GDP growth,Changes in exports and imports mechanically affect output growth,class,,,False,,2017-12-15,P1
setser_dec_15_17#P2,P2  Trade shapes employment composition,setser_dec_15_17,plain,P2,stated_assumption,L1,Trade shapes employment composition,Goods-producing sectors and regions are unevenly exposed,class,,,False,,2017-12-15,P2
setser_dec_15_17#P3,P3  Persistent deficits accumulate external debt,setser_dec_15_17,plain,P3,stated_assumption,L1,Persistent deficits accumulate external debt,Ongoing borrowing raises the net external debt stock,class,,,False,deficits-require-financing,2017-12-15,P3
setser_dec_15_17#D1,D1  2014–16 net-export drag,setser_dec_15_17,plain,D1,evidence_data,L2,2014–16 net-export drag,Net exports subtracted about 1.5pp from U.S. growth,class,,,False,,2017-12-15,D1
setser_dec_15_17#D2,D2  Manufacturing employment varies with trade,setser_dec_15_17,plain,D2,evidence_data,L2,Manufacturing employment varies with trade,Surplus economies retain larger manufacturing job shares,class,,,False,,2017-12-15,D2
setser_dec_15_17#D3,D3  Manufacturing balance did not drive adjustment,setser_dec_15_17,plain,D3,evidence_data,L2,Manufacturing balance did not drive adjustment,Lower oil imports and offshore income reduced the current-account deficit,class,,,False,,2017-12-15,D3
setser_dec_15_17#D4,D4  External debt rose from ~20% to ~50% of GDP,setser_dec_15_17,plain,D4,evidence_data,L2,External debt rose from ~20% to ~50% of GDP,Debt increased even as U.S. borrowing costs fell,class,,,False,,2017-12-15,D4
setser_dec_15_17#D5,D5  Higher rates or wider deficits raise debt…,setser_dec_15_17,plain,D5,evidence_data,L2,Higher rates or wider deficits raise debt ratios,Either would weaken current favorable debt dynamics,class,,,False,debt-dynamics-sensitive-to-rates,2017-12-15,D5
setser_dec_15_17#D6,D6  Tax cuts could widen trade deficit,setser_dec_15_17,plain,D6,evidence_data,L2,Tax cuts could widen trade deficit,Setser estimates roughly 0.3–0.5% of GDP over several years,class,,,False,,2017-12-15,D6
setser_dec_15_17#M1,M1  Trade deficits can drag on growth,setser_dec_15_17,plain,M1,mechanism,L3,Trade deficits can drag on growth,More demand leaks abroad through net imports,class,,,False,,2017-12-15,M1
setser_dec_15_17#M2,M2  Trade shifts where jobs are located,setser_dec_15_17,plain,M2,mechanism,L3,Trade shifts where jobs are located,Manufacturing deficits reduce employment in exposed sectors and regions,class,,,False,,2017-12-15,M2
setser_dec_15_17#M3,M3  Deficits build external debt,setser_dec_15_17,plain,M3,mechanism,L3,Deficits build external debt,Persistent borrowing plus higher interest costs raise the external debt burden,class,,,False,,2017-12-15,M3
setser_dec_15_17#C1,C1  Trade changes the pace of growth,setser_dec_15_17,plain,C1,intermediate_claim,L4,Trade changes the pace of growth,"A stronger economy can coexist with a deficit, but net exports still affect realized GDP growth",class,,,False,,2017-12-15,C1
setser_dec_15_17#C2,C2  Trade changes the composition of employment,setser_dec_15_17,plain,C2,intermediate_claim,L4,Trade changes the composition of employment,Its effects are sectoral and regional even near full employment,class,,,False,,2017-12-15,C2
setser_dec_15_17#C3,C3  Current debt stability is conditional,setser_dec_15_17,plain,C3,intermediate_claim,L4,Current debt stability is conditional,"It depends on favorable growth, rates, and offshore income continuing",class,,,False,,2017-12-15,C3
setser_dec_15_17#K,K  Main claim: the trade balance remains worth…,setser_dec_15_17,plain,K,main_claim,L5,Main claim: the trade balance remains worth watching,"It contains information about growth, employment composition,
and long-run external debt sustainability",class,,,False,,2017-12-15,K
setser_dec_15_17#X,X  Opposing view,setser_dec_15_17,plain,X,opposing_view,L6,Opposing view,A wider deficit can reflect stronger domestic demand rather than weakness,header,,,False,,2017-12-15,X
setser_dec_15_17#QF1,QF1  Measurement caveat,setser_dec_15_17,plain,QF1,caveat,L6,Measurement caveat,Monthly trade data are noisy and should be read as a time series,l6_keyword,,,False,,2017-12-15,QF1
setser_dec_15_17#QF2,QF2  Employment caveat,setser_dec_15_17,plain,QF2,caveat,L6,Employment caveat,"Near full employment, trade changes job distribution more than total employment",l6_keyword,,,False,,2017-12-15,QF2
setser_dec_15_17#R1,R1  Debt caveat,setser_dec_15_17,plain,R1,caveat,L6,Debt caveat,The U.S. can sustain more external debt than most because of the dollar's global role,l6_keyword,,,False,,2017-12-15,R1
setser_feb_15_18#Q,Q  Will Trump's fiscal expansion undermine his…,setser_feb_15_18,plain,Q,question,L0,"Will Trump's fiscal expansion undermine
his goal of reducing the U.S. trade deficit?","Will Trump's fiscal expansion undermine
his goal of reducing the U.S. trade deficit?",class,,,False,,2018-02-15,Q
setser_feb_15_18#P1,P1  Fiscal stimulus raises domestic demand,setser_feb_15_18,plain,P1,stated_assumption,L1,Fiscal stimulus raises domestic demand,Tax cuts and spending increases boost U.S. demand,class,,,False,,2018-02-15,P1
setser_feb_15_18#P2,P2  Imports respond strongly to U.S. demand,setser_feb_15_18,plain,P2,stated_assumption,L1,Imports respond strongly to U.S. demand,Fed model: import income elasticity around 2,class,,,False,,2018-02-15,P2
setser_feb_15_18#P3,P3  Exchange-rate effects arrive with lags,setser_feb_15_18,plain,P3,stated_assumption,L1,Exchange-rate effects arrive with lags,Dollar moves take years to fully affect trade,class,,,False,,2018-02-15,P3
setser_feb_15_18#D1,D1  Fiscal deficit +1.7–2% of GDP,setser_feb_15_18,plain,D1,evidence_data,L2,Fiscal deficit +1.7–2% of GDP,Tax cuts and spending increases provide a large fiscal impulse,class,,,False,,2018-02-15,D1
setser_feb_15_18#D2,D2  IMF external-balance coefficient,setser_feb_15_18,plain,D2,evidence_data,L2,IMF external-balance coefficient,Simple model implies current-account deficit rises about 1% of GDP,class,,,False,,2018-02-15,D2
setser_feb_15_18#D3,D3  Q4 2017 demand surge leaked into imports,setser_feb_15_18,plain,D3,evidence_data,L2,Q4 2017 demand surge leaked into imports,Over half of the increase in domestic demand was spent abroad,class,,,False,,2018-02-15,D3
setser_feb_15_18#D4,D4  U.S. external debt ≈ 50% of GDP,setser_feb_15_18,plain,D4,evidence_data,L2,U.S. external debt ≈ 50% of GDP,Higher rates mechanically increase payments to foreign creditors,class,,,False,debt-dynamics-sensitive-to-rates,2018-02-15,D4
setser_feb_15_18#D5,D5  Foreign currencies strengthening,setser_feb_15_18,plain,D5,evidence_data,L2,Foreign currencies strengthening,Euro and several Asian currencies were moving against the dollar,class,,,False,,2018-02-15,D5
setser_feb_15_18#D6,D6  Setser's Fed-model calculation,setser_feb_15_18,plain,D6,evidence_data,L2,Setser's Fed-model calculation,Fiscal impulse adds roughly 50bp of GDP in imports over two years,class,,,False,,2018-02-15,D6
setser_feb_15_18#M1,M1  Stimulus raises imports,setser_feb_15_18,plain,M1,mechanism,L3,Stimulus raises imports,Stronger U.S. demand spills into foreign production,class,,,False,,2018-02-15,M1
setser_feb_15_18#M2,M2  Higher rates raise external interest costs,setser_feb_15_18,plain,M2,mechanism,L3,Higher rates raise external interest costs,More income flows abroad on the U.S. debt stock,class,,,False,,2018-02-15,M2
setser_feb_15_18#M3,M3  Dollar depreciation improves trade slowly,setser_feb_15_18,plain,M3,mechanism,L3,Dollar depreciation improves trade slowly,Exports rise and imports soften only after substantial lags,class,,,False,,2018-02-15,M3
setser_feb_15_18#C1,C1  Fiscal expansion widens the real trade deficit,setser_feb_15_18,plain,C1,intermediate_claim,L4,Fiscal expansion widens the real trade deficit,Import growth accelerates relative to the baseline,class,,,False,,2018-02-15,C1
setser_feb_15_18#C2,C2  Income channel worsens the current account,setser_feb_15_18,plain,C2,intermediate_claim,L4,Income channel worsens the current account,Higher interest payments add to the external deficit,class,,,False,,2018-02-15,C2
setser_feb_15_18#C3,C3  Favorable adjustment forces arrive too slowly,setser_feb_15_18,plain,C3,intermediate_claim,L4,Favorable adjustment forces arrive too slowly,Foreign growth and a softer dollar cannot offset the near-term impulse,class,,,False,,2018-02-15,C3
setser_feb_15_18#K,K  Main claim: the tax bill sets back Trump's…,setser_feb_15_18,plain,K,main_claim,L5,Main claim: the tax bill sets back Trump's trade goals,"U.S. fiscal stimulus boosts imports just as conditions
were emerging for the trade deficit to improve",class,,,False,,2018-02-15,K
setser_feb_15_18#X,X  Smaller-spillover argument,setser_feb_15_18,plain,X,opposing_view,L6,Smaller-spillover argument,The U.S. is relatively closed and much of the tax cut may be saved,l6_keyword,,,False,,2018-02-15,X
setser_feb_15_18#QF,QF  Model uncertainty,setser_feb_15_18,plain,QF,caveat,L6,Model uncertainty,Historical income elasticities and trade relationships may not hold perfectly,l6_keyword,,,False,,2018-02-15,QF
setser_feb_15_18#R1,R1  Offsetting adjustment forces,setser_feb_15_18,plain,R1,counterpoint,L6,Offsetting adjustment forces,Dollar depreciation and stronger foreign demand can improve U.S. trade,class,,,False,,2018-02-15,R1
setser_jun_4_18#Q,Q  Could global macro shocks overwhelm trade…,setser_jun_4_18,plain,Q,question,L0,"Could global macro shocks overwhelm trade deals
and push the U.S. trade deficit higher?","Could global macro shocks overwhelm trade deals
and push the U.S. trade deficit higher?",class,,,False,,2018-06-04,Q
setser_jun_4_18#P1,P1  Trade balances are macroeconomic,setser_jun_4_18,plain,P1,stated_assumption,L1,Trade balances are macroeconomic,"They reflect demand, fiscal policy, currencies, and external adjustment—not just trade deals",class,,,False,,2018-06-04,P1
setser_jun_4_18#P2,P2  U.S. fiscal stimulus needs foreign demand,setser_jun_4_18,plain,P2,stated_assumption,L1,U.S. fiscal stimulus needs foreign demand,The deficit rises unless stronger U.S. demand is matched abroad,class,,,False,,2018-06-04,P2
setser_jun_4_18#P3,P3  Weak demand encourages export-led adjustment,setser_jun_4_18,plain,P3,stated_assumption,L1,Weak demand encourages export-led adjustment,Countries under pressure often rely on weaker currencies and exports,class,,,False,,2018-06-04,P3
setser_jun_4_18#D1,D1  Argentina and Turkey must adjust,setser_jun_4_18,plain,D1,evidence_data,L2,Argentina and Turkey must adjust,Large external deficits mean weaker domestic demand and less global demand growth,class,,,False,,2018-06-04,D1
setser_jun_4_18#D2,D2  2014–15 precedent,setser_jun_4_18,plain,D2,evidence_data,L2,2014–15 precedent,EM weakness coincided with slower global trade and a larger U.S. non-oil deficit,class,,,False,,2018-06-04,D2
setser_jun_4_18#D3,D3  Italy/eurozone risk,setser_jun_4_18,plain,D3,evidence_data,L2,Italy/eurozone risk,Financial and political stress could weaken the euro,class,,,False,,2018-06-04,D3
setser_jun_4_18#D4,D4  China is tightening,setser_jun_4_18,plain,D4,evidence_data,L2,China is tightening,Domestic weakness plus dollar strength could create depreciation pressure,class,,,False,,2018-06-04,D4
setser_jun_4_18#D5,D5  Japan faces fiscal tightening,setser_jun_4_18,plain,D5,evidence_data,L2,Japan faces fiscal tightening,Consumption-tax hikes have historically weakened domestic demand,class,,,False,,2018-06-04,D5
setser_jun_4_18#D6,D6  2017 was unusually favorable,setser_jun_4_18,plain,D6,evidence_data,L2,2017 was unusually favorable,"Europe, China, Japan, and EM demand all supported the global environment",class,,,False,,2018-06-04,D6
setser_jun_4_18#M1,M1  Foreign adjustment weakens demand,setser_jun_4_18,plain,M1,mechanism,L3,Foreign adjustment weakens demand,Lower domestic spending abroad reduces demand for imports,class,,,False,,2018-06-04,M1
setser_jun_4_18#M2,M2  Weaker foreign currencies strengthen the…,setser_jun_4_18,plain,M2,mechanism,L3,Weaker foreign currencies strengthen the dollar,Dollar strength hurts U.S. trade competitiveness,class,,,False,,2018-06-04,M2
setser_jun_4_18#M3,M3  Demand divergence widens the U.S. deficit,setser_jun_4_18,plain,M3,mechanism,L3,Demand divergence widens the U.S. deficit,Strong U.S. demand plus weak foreign demand raises net imports,class,,,False,,2018-06-04,M3
setser_jun_4_18#C1,C1  EM adjustment reduces global demand support,setser_jun_4_18,plain,C1,intermediate_claim,L4,EM adjustment reduces global demand support,Foreign economies contribute less to import growth,class,,,False,,2018-06-04,C1
setser_jun_4_18#C2,C2  Euro and Asian weakness could lift the dollar,setser_jun_4_18,plain,C2,intermediate_claim,L4,Euro and Asian weakness could lift the dollar,Currency shifts reinforce pressure on U.S. trade,class,,,False,,2018-06-04,C2
setser_jun_4_18#C3,C3  The 2017 macro constellation may be ending,setser_jun_4_18,plain,C3,intermediate_claim,L4,The 2017 macro constellation may be ending,Foreign demand may no longer offset U.S. fiscal expansion,class,,,False,,2018-06-04,C3
setser_jun_4_18#K,K  Main claim: macro shocks could overpower…,setser_jun_4_18,plain,K,main_claim,L5,Main claim: macro shocks could overpower trade deals,"The U.S. trade deficit could rise even if the administration
secures new trade agreements",class,,,False,,2018-06-04,K
setser_jun_4_18#X,X  Scale caveat,setser_jun_4_18,plain,X,caveat,L6,Scale caveat,Argentina and Turkey are individually too small to drive the full outcome,l6_keyword,,,False,,2018-06-04,X
setser_jun_4_18#QF,QF  Path uncertainty,setser_jun_4_18,plain,QF,caveat,L6,Path uncertainty,Italy and China's eventual adjustments are not predetermined,l6_keyword,,,False,,2018-06-04,QF
setser_jun_4_18#R1,R1  Offsetting scenario,setser_jun_4_18,plain,R1,counterpoint,L6,Offsetting scenario,Strong foreign demand could still counterbalance U.S. fiscal stimulus,class,,,False,,2018-06-04,R1
setser_may_2_19#Q,"Q  If U.S.-China trade tensions escalate, will…",setser_may_2_19,plain,Q,question,L0,"If U.S.-China trade tensions escalate,
will China keep the yuan stable or let it weaken?","If U.S.-China trade tensions escalate,
will China keep the yuan stable or let it weaken?",class,,,False,,2019-05-02,Q
setser_may_2_19#P1,P1  China controls the yuan,setser_may_2_19,plain,P1,stated_assumption,L1,China controls the yuan,"Reserves, capital controls, and policy tools give Beijing substantial exchange-rate control",class,,,False,,2019-05-02,P1
setser_may_2_19#P2,P2  Depreciation offsets tariffs,setser_may_2_19,plain,P2,stated_assumption,L1,Depreciation offsets tariffs,A weaker yuan lets exporters lower dollar prices while preserving yuan revenue,class,,,False,,2019-05-02,P2
setser_may_2_19#P3,P3  Stability has value,setser_may_2_19,plain,P3,stated_assumption,L1,Stability has value,A stable currency supports confidence and reduces financial risk,class,,,False,,2019-05-02,P3
setser_may_2_19#D1,D1  Full tariffs would be substantial,setser_may_2_19,plain,D1,evidence_data,L2,Full tariffs would be substantial,25% on nearly $550B of imports could raise roughly $100–140B,class,,,False,,2019-05-02,D1
setser_may_2_19#D2,D2  Large potential China growth hit,setser_may_2_19,plain,D2,evidence_data,L2,Large potential China growth hit,UBS: full tariffs plus retaliation could cut growth by about 1.5pp,class,,,False,,2019-05-02,D2
setser_may_2_19#D3,D3  Recent yuan stability required little…,setser_may_2_19,plain,D3,evidence_data,L2,Recent yuan stability required little intervention,No sustained pressure in either direction,class,,,False,,2019-05-02,D3
setser_may_2_19#D4,D4  China retains external firepower,setser_may_2_19,plain,D4,evidence_data,L2,China retains external firepower,"Large reserves, state-bank foreign assets, and portfolio inflows",class,,,False,,2019-05-02,D4
setser_may_2_19#D5,D5  Balance of payments broadly stable,setser_may_2_19,plain,D5,evidence_data,L2,Balance of payments broadly stable,Trade surplus covers major outflows without sustained reserve pressure,class,,,False,,2019-05-02,D5
setser_may_2_19#D6,D6  Manufacturing surplus ~ $1T,setser_may_2_19,plain,D6,evidence_data,L2,Manufacturing surplus ~ $1T,Further export-oriented adjustment would matter globally,class,,,False,,2019-05-02,D6
setser_may_2_19#M1,M1  Tariffs weaken Chinese export demand,setser_may_2_19,plain,M1,mechanism,L3,Tariffs weaken Chinese export demand,Higher U.S. import costs reduce competitiveness and growth,class,,,False,,2019-05-02,M1
setser_may_2_19#M2,M2  Depreciation cushions exporters,setser_may_2_19,plain,M2,mechanism,L3,Depreciation cushions exporters,A weaker yuan offsets part of the tariff in dollar terms,class,,,False,,2019-05-02,M2
setser_may_2_19#M3,M3  Stability protects domestic confidence,setser_may_2_19,plain,M3,mechanism,L3,Stability protects domestic confidence,Avoiding a large currency move limits financial instability,class,,,False,,2019-05-02,M3
setser_may_2_19#M4,M4  Yuan weakness spreads outward,setser_may_2_19,plain,M4,mechanism,L3,Yuan weakness spreads outward,Other Asian currencies weaken and trade pressure shifts globally,class,,,False,,2019-05-02,M4
setser_may_2_19#C1,C1  China has a genuine policy choice,setser_may_2_19,plain,C1,intermediate_claim,L4,China has a genuine policy choice,It is not mechanically forced into depreciation,class,,,False,,2019-05-02,C1
setser_may_2_19#C2,C2  Depreciation can absorb part of the tariff…,setser_may_2_19,plain,C2,intermediate_claim,L4,Depreciation can absorb part of the tariff shock,Exporters can preserve competitiveness,class,,,False,,2019-05-02,C2
setser_may_2_19#C3,C3  But depreciation carries domestic and…,setser_may_2_19,plain,C3,intermediate_claim,L4,But depreciation carries domestic and strategic costs,It risks instability and additional U.S. retaliation,class,,,False,,2019-05-02,C3
setser_may_2_19#C4,C4  A weaker yuan redistributes trade pain,setser_may_2_19,plain,C4,intermediate_claim,L4,A weaker yuan redistributes trade pain,Export-dependent economies outside China also come under pressure,class,,,False,,2019-05-02,C4
setser_may_2_19#K,K  Main claim: China's currency response is a…,setser_may_2_19,plain,K,main_claim,L5,Main claim: China's currency response is a strategic choice,"Beijing can defend stability or reset the yuan lower;
its decision will shape the global impact of the trade war",class,,,False,,2019-05-02,K
setser_may_2_19#X,X  Case for stability,setser_may_2_19,plain,X,counterpoint,L6,Case for stability,China can support growth fiscally without risking a destabilizing currency move,class,,,False,,2019-05-02,X
setser_may_2_19#QF,QF  Implementation caveat,setser_may_2_19,plain,QF,caveat,L6,Implementation caveat,Controlled depreciations are difficult because markets may front-run them,l6_keyword,,,False,,2019-05-02,QF
setser_may_2_19#R1,R1  Retaliation risk,setser_may_2_19,plain,R1,caveat,L6,Retaliation risk,A weaker yuan could trigger broader or higher U.S. tariffs,l6_keyword,,,False,,2019-05-02,R1
setser_may_2_19#R2,R2  External-balance caveat,setser_may_2_19,plain,R2,caveat,L6,External-balance caveat,Tariffs and oil prices could push China toward current-account deficit,l6_keyword,,,False,,2019-05-02,R2
setser_may_10_19#Q,"Q  If U.S.-China trade tensions escalate, will…",setser_may_10_19,plain,Q,question,L0,"If U.S.-China trade tensions escalate,
will China keep the yuan stable or let it weaken?","If U.S.-China trade tensions escalate,
will China keep the yuan stable or let it weaken?",class,,,False,,2019-05-10,Q
setser_may_10_19#P1,P1  China controls the yuan,setser_may_10_19,plain,P1,stated_assumption,L1,China controls the yuan,"Reserves, capital controls, and policy tools give Beijing substantial exchange-rate control",class,,,False,,2019-05-10,P1
setser_may_10_19#P2,P2  Depreciation offsets tariffs,setser_may_10_19,plain,P2,stated_assumption,L1,Depreciation offsets tariffs,A weaker yuan lets exporters lower dollar prices while preserving yuan revenue,class,,,False,,2019-05-10,P2
setser_may_10_19#P3,P3  Stability has value,setser_may_10_19,plain,P3,stated_assumption,L1,Stability has value,A stable currency supports confidence and reduces financial risk,class,,,False,,2019-05-10,P3
setser_may_10_19#D1,D1  Full tariffs would be substantial,setser_may_10_19,plain,D1,evidence_data,L2,Full tariffs would be substantial,25% on nearly $550B of imports could raise roughly $100–140B,class,,,False,,2019-05-10,D1
setser_may_10_19#D2,D2  Large potential China growth hit,setser_may_10_19,plain,D2,evidence_data,L2,Large potential China growth hit,UBS: full tariffs plus retaliation could cut growth by about 1.5pp,class,,,False,,2019-05-10,D2
setser_may_10_19#D3,D3  Recent yuan stability required little…,setser_may_10_19,plain,D3,evidence_data,L2,Recent yuan stability required little intervention,No sustained pressure in either direction,class,,,False,,2019-05-10,D3
setser_may_10_19#D4,D4  China retains external firepower,setser_may_10_19,plain,D4,evidence_data,L2,China retains external firepower,"Large reserves, state-bank foreign assets, and portfolio inflows",class,,,False,,2019-05-10,D4
setser_may_10_19#D5,D5  Balance of payments broadly stable,setser_may_10_19,plain,D5,evidence_data,L2,Balance of payments broadly stable,Trade surplus covers major outflows without sustained reserve pressure,class,,,False,,2019-05-10,D5
setser_may_10_19#D6,D6  Manufacturing surplus ~ $1T,setser_may_10_19,plain,D6,evidence_data,L2,Manufacturing surplus ~ $1T,Further export-oriented adjustment would matter globally,class,,,False,,2019-05-10,D6
setser_may_10_19#M1,M1  Tariffs weaken Chinese export demand,setser_may_10_19,plain,M1,mechanism,L3,Tariffs weaken Chinese export demand,Higher U.S. import costs reduce competitiveness and growth,class,,,False,,2019-05-10,M1
setser_may_10_19#M2,M2  Depreciation cushions exporters,setser_may_10_19,plain,M2,mechanism,L3,Depreciation cushions exporters,A weaker yuan offsets part of the tariff in dollar terms,class,,,False,,2019-05-10,M2
setser_may_10_19#M3,M3  Stability protects domestic confidence,setser_may_10_19,plain,M3,mechanism,L3,Stability protects domestic confidence,Avoiding a large currency move limits financial instability,class,,,False,,2019-05-10,M3
setser_may_10_19#M4,M4  Yuan weakness spreads outward,setser_may_10_19,plain,M4,mechanism,L3,Yuan weakness spreads outward,Other Asian currencies weaken and trade pressure shifts globally,class,,,False,,2019-05-10,M4
setser_may_10_19#C1,C1  China has a genuine policy choice,setser_may_10_19,plain,C1,intermediate_claim,L4,China has a genuine policy choice,It is not mechanically forced into depreciation,class,,,False,,2019-05-10,C1
setser_may_10_19#C2,C2  Depreciation can absorb part of the tariff…,setser_may_10_19,plain,C2,intermediate_claim,L4,Depreciation can absorb part of the tariff shock,Exporters can preserve competitiveness,class,,,False,,2019-05-10,C2
setser_may_10_19#C3,C3  But depreciation carries domestic and…,setser_may_10_19,plain,C3,intermediate_claim,L4,But depreciation carries domestic and strategic costs,It risks instability and additional U.S. retaliation,class,,,False,,2019-05-10,C3
setser_may_10_19#C4,C4  A weaker yuan redistributes trade pain,setser_may_10_19,plain,C4,intermediate_claim,L4,A weaker yuan redistributes trade pain,Export-dependent economies outside China also come under pressure,class,,,False,,2019-05-10,C4
setser_may_10_19#K,K  Main claim: China's currency response is a…,setser_may_10_19,plain,K,main_claim,L5,Main claim: China's currency response is a strategic choice,"Beijing can defend stability or reset the yuan lower;
its decision will shape the global impact of the trade war",class,,,False,,2019-05-10,K
setser_may_10_19#X,X  Case for stability,setser_may_10_19,plain,X,counterpoint,L6,Case for stability,China can support growth fiscally without risking a destabilizing currency move,class,,,False,,2019-05-10,X
setser_may_10_19#QF,QF  Implementation caveat,setser_may_10_19,plain,QF,caveat,L6,Implementation caveat,Controlled depreciations are difficult because markets may front-run them,l6_keyword,,,False,,2019-05-10,QF
setser_may_10_19#R1,R1  Retaliation risk,setser_may_10_19,plain,R1,caveat,L6,Retaliation risk,A weaker yuan could trigger broader or higher U.S. tariffs,l6_keyword,,,False,,2019-05-10,R1
setser_may_10_19#R2,R2  External-balance caveat,setser_may_10_19,plain,R2,caveat,L6,External-balance caveat,Tariffs and oil prices could push China toward current-account deficit,l6_keyword,,,False,,2019-05-10,R2
setser_jun_14_19#Q,Q  Why did China's tariffs devastate some U.S.…,setser_jun_14_19,plain,Q,question,L0,"Why did China's tariffs devastate some U.S. exports
but have limited effects on others?","Why did China's tariffs devastate some U.S. exports
but have limited effects on others?",class,,,False,,2019-06-14,Q
setser_jun_14_19#P1,P1  Tariff effects are sector-specific,setser_jun_14_19,plain,P1,stated_assumption,L1,Tariff effects are sector-specific,Substitution and market structure determine the aggregate impact,class,,,False,,2019-06-14,P1
setser_jun_14_19#P2,P2  Bilateral trade ≠ total trade,setser_jun_14_19,plain,P2,stated_assumption,L1,Bilateral trade ≠ total trade,Lost sales to China may be redirected elsewhere,class,,,False,,2019-06-14,P2
setser_jun_14_19#P3,P3  Retaliation requires viable substitutes,setser_jun_14_19,plain,P3,stated_assumption,L1,Retaliation requires viable substitutes,China cannot easily stop buying essential imports,class,,,False,,2019-06-14,P3
setser_jun_14_19#D1,D1  Commodity exports to China down >60%,setser_jun_14_19,plain,D1,evidence_data,L2,Commodity exports to China down >60%,Much larger decline than manufacturing exports,class,,,False,,2019-06-14,D1
setser_jun_14_19#D2,D2  Soy exports effectively collapsed,setser_jun_14_19,plain,D2,evidence_data,L2,Soy exports effectively collapsed,Farmers could not replace lost Chinese demand elsewhere,class,,,False,,2019-06-14,D2
setser_jun_14_19#D3,D3  Oil exports to China collapsed,setser_jun_14_19,plain,D3,evidence_data,L2,Oil exports to China collapsed,But total U.S. oil exports were largely unaffected,class,,,False,,2019-06-14,D3
setser_jun_14_19#D4,D4  Auto exports responded to the tariff,setser_jun_14_19,plain,D4,evidence_data,L2,Auto exports responded to the tariff,"Exports fell, then rebounded when China suspended it",class,,,False,,2019-06-14,D4
setser_jun_14_19#D5,D5  Manufacturing decline surprisingly modest,setser_jun_14_19,plain,D5,evidence_data,L2,Manufacturing decline surprisingly modest,Aggregate exports show little obvious tariff break,class,,,False,,2019-06-14,D5
setser_jun_14_19#D6,D6  China lacks substitutes in some sectors,setser_jun_14_19,plain,D6,evidence_data,L2,China lacks substitutes in some sectors,Aircraft and export-related inputs are poor retaliation targets,class,,,False,,2019-06-14,D6
setser_jun_14_19#M1,M1  Few alternative buyers magnify the shock,setser_jun_14_19,plain,M1,mechanism,L3,Few alternative buyers magnify the shock,Lost Chinese demand becomes lost total exports,class,,,False,,2019-06-14,M1
setser_jun_14_19#M2,M2  Alternative buyers divert trade,setser_jun_14_19,plain,M2,mechanism,L3,Alternative buyers divert trade,Sales shift markets without reducing total exports,class,,,False,,2019-06-14,M2
setser_jun_14_19#M3,M3  Lack of substitutes weakens retaliation,setser_jun_14_19,plain,M3,mechanism,L3,Lack of substitutes weakens retaliation,Chinese firms continue buying needed U.S. goods,class,,,False,,2019-06-14,M3
setser_jun_14_19#M4,M4  Other demand can absorb export losses,setser_jun_14_19,plain,M4,mechanism,L3,Other demand can absorb export losses,Domestic sales or localization cushion production,class,,,False,,2019-06-14,M4
setser_jun_14_19#C1,C1  Soy retaliation was unusually effective,setser_jun_14_19,plain,C1,intermediate_claim,L4,Soy retaliation was unusually effective,Bilateral losses became aggregate export losses,class,,,False,,2019-06-14,C1
setser_jun_14_19#C2,C2  Oil retaliation mostly redirected trade,setser_jun_14_19,plain,C2,intermediate_claim,L4,Oil retaliation mostly redirected trade,Bilateral trade fell without much aggregate effect,class,,,False,,2019-06-14,C2
setser_jun_14_19#C3,C3  Manufacturing retaliation was weaker,setser_jun_14_19,plain,C3,intermediate_claim,L4,Manufacturing retaliation was weaker,China had limited leverage in several key sectors,class,,,False,,2019-06-14,C3
setser_jun_14_19#C4,C4  Identical tariffs need not have identical…,setser_jun_14_19,plain,C4,intermediate_claim,L4,Identical tariffs need not have identical effects,Sector structure changes the transmission,class,,,False,,2019-06-14,C4
setser_jun_14_19#K,K  Main claim: don't equate bilateral trade…,setser_jun_14_19,plain,K,main_claim,L5,Main claim: don't equate bilateral trade with aggregate impact,"The economic effect of tariffs depends heavily
on substitution possibilities and sector structure",class,,,False,,2019-06-14,K
setser_jun_14_19#QF1,QF1  Coverage caveat,setser_jun_14_19,plain,QF1,caveat,L6,Coverage caveat,China had not tariffed all major U.S. manufacturing exports,l6_keyword,,,False,,2019-06-14,QF1
setser_jun_14_19#QF2,QF2  Timing caveat,setser_jun_14_19,plain,QF2,caveat,L6,Timing caveat,China may have preserved targets for future retaliation,l6_keyword,,,False,,2019-06-14,QF2
setser_jun_14_19#R1,R1  Auto counterfactual,setser_jun_14_19,plain,R1,counterpoint,L6,Auto counterfactual,SUV demand and production localization also affected output,class,,,False,,2019-06-14,R1
setser_aug_13_19#Q,"Q  Why do the U.S., Europe, and China now…",setser_aug_13_19,plain,Q,question,L0,"Why do the U.S., Europe, and China now occupy
such different positions in manufacturing trade?","Why do the U.S., Europe, and China now occupy
such different positions in manufacturing trade?",class,,,False,,2019-08-13,Q
setser_aug_13_19#P1,P1  Trade shares reveal production structure,setser_aug_13_19,plain,P1,stated_assumption,L1,Trade shares reveal production structure,Exports and imports relative to GDP show how economies engage globally,class,,,False,,2019-08-13,P1
setser_aug_13_19#P2,P2  Manufacturing balances reflect where…,setser_aug_13_19,plain,P2,stated_assumption,L1,Manufacturing balances reflect where production occurs,Not simply how open an economy is,class,,,False,,2019-08-13,P2
setser_aug_13_19#P3,P3  Persistent deficits require financing,setser_aug_13_19,plain,P3,stated_assumption,L1,Persistent deficits require financing,Import bills must ultimately be covered by income or borrowing,class,,,False,deficits-require-financing,2019-08-13,P3
setser_aug_13_19#D1,D1  U.S. manufacturing exports are unusually low,setser_aug_13_19,plain,D1,evidence_data,L2,U.S. manufacturing exports are unusually low,About one-third of the euro area's level relative to GDP,class,,,False,,2019-08-13,D1
setser_aug_13_19#D2,D2  Manufacturing imports are similar,setser_aug_13_19,plain,D2,evidence_data,L2,Manufacturing imports are similar,U.S. and euro-area import shares are broadly comparable,class,,,False,,2019-08-13,D2
setser_aug_13_19#D3,D3  Mirror-image manufacturing balances,setser_aug_13_19,plain,D3,evidence_data,L2,Mirror-image manufacturing balances,U.S. deficit ~4–5% of GDP; euro-area surplus ~4%,class,,,False,,2019-08-13,D3
setser_aug_13_19#D4,D4  Offshore profits exceed the service-export…,setser_aug_13_19,plain,D4,evidence_data,L2,Offshore profits exceed the service-export story,Foreign corporate earnings help finance the U.S. deficit,class,,,False,,2019-08-13,D4
setser_aug_13_19#D5,D5  Europe is highly export dependent,setser_aug_13_19,plain,D5,evidence_data,L2,Europe is highly export dependent,Leaving it exposed to the global manufacturing downturn,class,,,False,,2019-08-13,D5
setser_aug_13_19#D6,D6  China's manufacturing trade is highly…,setser_aug_13_19,plain,D6,evidence_data,L2,China's manufacturing trade is highly unbalanced,Surplus ~7% of GDP; non-processing imports ~4%,class,,,False,,2019-08-13,D6
setser_aug_13_19#M1,M1  Offshoring weakens domestic exports,setser_aug_13_19,plain,M1,mechanism,L3,Offshoring weakens domestic exports,"'Design here, make abroad' shifts manufacturing production overseas",class,,,False,,2019-08-13,M1
setser_aug_13_19#M2,M2  Offshore profits finance goods deficits,setser_aug_13_19,plain,M2,mechanism,L3,Offshore profits finance goods deficits,Foreign earnings offset part of the manufacturing import bill,class,,,False,,2019-08-13,M2
setser_aug_13_19#M3,M3  Export dependence transmits global weakness,setser_aug_13_19,plain,M3,mechanism,L3,Export dependence transmits global weakness,Manufacturing downturns hit Europe especially hard,class,,,False,,2019-08-13,M3
setser_aug_13_19#M4,M4  Low imports + high exports generate surplus,setser_aug_13_19,plain,M4,mechanism,L3,Low imports + high exports generate surplus,China sells far more manufactures abroad than it buys,class,,,False,,2019-08-13,M4
setser_aug_13_19#C1,C1  The U.S.-Europe gap is mainly an export gap,setser_aug_13_19,plain,C1,intermediate_claim,L4,The U.S.-Europe gap is mainly an export gap,U.S. imports are not unusually high relative to Europe,class,,,False,,2019-08-13,C1
setser_aug_13_19#C2,C2  U.S. globalization favored offshore profits,setser_aug_13_19,plain,C2,intermediate_claim,L4,U.S. globalization favored offshore profits,More than domestically produced manufacturing exports,class,,,False,,2019-08-13,C2
setser_aug_13_19#C3,C3  Europe's strength creates cyclical exposure,setser_aug_13_19,plain,C3,intermediate_claim,L4,Europe's strength creates cyclical exposure,Its export model is vulnerable when global manufacturing slows,class,,,False,,2019-08-13,C3
setser_aug_13_19#C4,C4  China's manufacturing model is unusually…,setser_aug_13_19,plain,C4,intermediate_claim,L4,China's manufacturing model is unusually one-sided,Large exports coexist with relatively small manufactured imports,class,,,False,,2019-08-13,C4
setser_aug_13_19#K1,K1  Long-run U.S. claim,setser_aug_13_19,plain,K1,main_claim,L5,Long-run U.S. claim,The U.S. may need to rebuild a stronger manufacturing base rather than finance imports indefinitely,class,,,False,,2019-08-13,K1
setser_aug_13_19#K2,K2  Comparative claim,setser_aug_13_19,plain,K2,main_claim,L5,Comparative claim,"Europe and China remain far more manufacturing-oriented,
but with very different import structures",class,,,False,,2019-08-13,K2
setser_aug_13_19#X,X  Services explanation,setser_aug_13_19,plain,X,other_explanation,L6,Services explanation,Some attribute the U.S. goods deficit to comparative advantage in services,l6_keyword,,,False,,2019-08-13,X
setser_aug_13_19#R1,R1  Resource-endowment explanation,setser_aug_13_19,plain,R1,other_explanation,L6,Resource-endowment explanation,The shale boom reduces the need to export manufactures to pay for oil,l6_keyword,,,False,,2019-08-13,R1
setser_aug_13_19#QF,QF  Comparison caveat,setser_aug_13_19,plain,QF,caveat,L6,Comparison caveat,Processing trade makes Europe-China comparisons imperfect,l6_keyword,,,False,,2019-08-13,QF
setser_aug_13_19#R2,R2  Short-run tradeoff,setser_aug_13_19,plain,R2,caveat,L6,Short-run tradeoff,Europe's export strength also makes it vulnerable to industrial downturns,l6_keyword,,,False,,2019-08-13,R2
setser_sep_20_19#Q,"Q  Why do global trade imbalances persist, and…",setser_sep_20_19,plain,Q,question,L0,"Why do global trade imbalances persist,
and why could they worsen before improving?","Why do global trade imbalances persist,
and why could they worsen before improving?",class,,,False,,2019-09-20,Q
setser_sep_20_19#P1,P1  Global surpluses require matching deficits,setser_sep_20_19,plain,P1,stated_assumption,L1,Global surpluses require matching deficits,"If large economies save externally, another economy must absorb the surplus",class,,,False,,2019-09-20,P1
setser_sep_20_19#P2,P2  Fiscal policy shapes external balances,setser_sep_20_19,plain,P2,stated_assumption,L1,Fiscal policy shapes external balances,Weak domestic demand tends to reduce imports and raise surpluses,class,,,False,,2019-09-20,P2
setser_sep_20_19#P3,P3  Excess saving generates surplus pressure,setser_sep_20_19,plain,P3,stated_assumption,L1,Excess saving generates surplus pressure,Saving above domestic investment pushes capital and demand abroad,class,,,False,,2019-09-20,P3
setser_sep_20_19#D1,D1  Europe and East Asia run large surpluses,setser_sep_20_19,plain,D1,evidence_data,L2,Europe and East Asia run large surpluses,Together they roughly mirror the U.S. manufacturing deficit,class,,,False,,2019-09-20,D1
setser_sep_20_19#D2,D2  Europe remains fiscally tight,setser_sep_20_19,plain,D2,evidence_data,L2,Europe remains fiscally tight,Germany and other surplus economies run restrictive demand policies,class,,,False,,2019-09-20,D2
setser_sep_20_19#D3,D3  Asian surplus economies restrain…,setser_sep_20_19,plain,D3,evidence_data,L2,Asian surplus economies restrain demand/currencies,"Korea, Taiwan, Singapore, and Thailand remain export oriented",class,,,False,,2019-09-20,D3
setser_sep_20_19#D4,D4  China has a surplus despite huge fiscal…,setser_sep_20_19,plain,D4,evidence_data,L2,China has a surplus despite huge fiscal support,Current account ~$200–250B with augmented deficit near 12% of GDP,class,,,False,,2019-09-20,D4
setser_sep_20_19#D5,D5  China still saves ~44% of GDP,setser_sep_20_19,plain,D5,evidence_data,L2,China still saves ~44% of GDP,East Asian aggregate saving remains close to 40%,class,,,False,,2019-09-20,D5
setser_sep_20_19#D6,D6  China's imports weakened in 2019,setser_sep_20_19,plain,D6,evidence_data,L2,China's imports weakened in 2019,Modest stimulus failed to offset tightening and the trade war,class,,,False,,2019-09-20,D6
setser_sep_20_19#D7,D7  U.S. net external debt ~45% of GDP,setser_sep_20_19,plain,D7,evidence_data,L2,U.S. net external debt ~45% of GDP,Large relative to the country's limited export base,class,,,False,,2019-09-20,D7
setser_sep_20_19#M1,M1  Fiscal restraint suppresses domestic demand,setser_sep_20_19,plain,M1,mechanism,L3,Fiscal restraint suppresses domestic demand,Lower imports and excess saving generate European surpluses,class,,,False,,2019-09-20,M1
setser_sep_20_19#M2,M2  Structural high saving generates surplus…,setser_sep_20_19,plain,M2,mechanism,L3,Structural high saving generates surplus pressure,China saves more than its economy can sustainably absorb,class,,,False,,2019-09-20,M2
setser_sep_20_19#M3,M3  Weak investment and imports raise China's…,setser_sep_20_19,plain,M3,mechanism,L3,Weak investment and imports raise China's surplus,Less domestic absorption pushes the external balance upward,class,,,False,,2019-09-20,M3
setser_sep_20_19#M4,M4  Foreign surpluses require deficit absorption,setser_sep_20_19,plain,M4,mechanism,L3,Foreign surpluses require deficit absorption,North America takes the other side through external deficits and debt,class,,,False,,2019-09-20,M4
setser_sep_20_19#C1,C1  Europe's imbalance is mainly a demand problem,setser_sep_20_19,plain,C1,intermediate_claim,L4,Europe's imbalance is mainly a demand problem,Looser fiscal policy could directly raise domestic absorption,class,,,False,,2019-09-20,C1
setser_sep_20_19#C2,C2  East Asia's imbalance is structurally harder,setser_sep_20_19,plain,C2,intermediate_claim,L4,East Asia's imbalance is structurally harder,China's underlying problem is exceptionally high saving,class,,,False,,2019-09-20,C2
setser_sep_20_19#C3,C3  China's current adjustment is fragile,setser_sep_20_19,plain,C3,intermediate_claim,L4,China's current adjustment is fragile,Large public investment prevents an even larger external surplus,class,,,False,,2019-09-20,C3
setser_sep_20_19#C4,C4  The U.S. cannot absorb surpluses forever,setser_sep_20_19,plain,C4,intermediate_claim,L4,The U.S. cannot absorb surpluses forever,Its external debt stock is already large relative to exports,class,,,False,,2019-09-20,C4
setser_sep_20_19#K,K  Main claim: global imbalances could worsen…,setser_sep_20_19,plain,K,main_claim,L5,Main claim: global imbalances could worsen first,"Europe still lacks demand and China's excess-saving problem remains;
the U.S. cannot indefinitely absorb the resulting surpluses",class,,,False,,2019-09-20,K
setser_sep_20_19#X,X  U.S.-adjustment alternative,setser_sep_20_19,plain,X,other_explanation,L6,U.S.-adjustment alternative,Tighter U.S. fiscal policy would also reduce the American trade deficit,l6_keyword,,,False,,2019-09-20,X
setser_sep_20_19#R1,R1  Japan exception,setser_sep_20_19,plain,R1,counterpoint,L6,Japan exception,Japan runs a surplus despite relatively loose fiscal policy,class,,,False,,2019-09-20,R1
setser_sep_20_19#QF1,QF1  U.S. sustainability caveat,setser_sep_20_19,plain,QF1,caveat,L6,U.S. sustainability caveat,The current flow deficit is not obviously unsustainable today,l6_keyword,,,False,,2019-09-20,QF1
setser_sep_20_19#QF2,QF2  China adjustment caveat,setser_sep_20_19,plain,QF2,caveat,L6,China adjustment caveat,Fiscal and credit stimulus currently absorbs much of China's excess saving,l6_keyword,,,False,,2019-09-20,QF2
setser_jan_31_20#Q,Q  Question,setser_jan_31_20,banner,Q,question,L0,Question,"How did China choose to respond to tariff pressure, and what does that reveal about managed trade?",header,,,False,,2020-01-31,Q
setser_jan_31_20#P1,P1  Stated assumption,setser_jan_31_20,banner,P1,stated_assumption,L1,Stated assumption,Industrial policy is non-negotiable; the state can direct commodity purchases,header,,,False,state-can-direct-purchases,2020-01-31,P1
setser_jan_31_20#P2,P2  Hidden assumption,setser_jan_31_20,banner,P2,hidden_assumption,L1,Hidden assumption,The capacity to deliver purchases is the same capacity that can withdraw them,header,,,False,,2020-01-31,P2
setser_jan_31_20#P3,P3  Revised prior,setser_jan_31_20,banner,P3,revised_prior,L1,Revised prior,"""I was surprised by the size of China's impact... I thought U.S. soy would prove to be more of a pure commodity"" — and ""I don't think many expected"" reserves to stay stable",header,,,False,,2020-01-31,P3
setser_jan_31_20#SC,SC  Source credibility,setser_jan_31_20,banner,SC,source_credibility,L1,Source credibility,"""Chinese data never quite fully lines up, which bothers me more than most""",header,,,False,,2020-01-31,SC
setser_jan_31_20#E1,E1  Data,setser_jan_31_20,banner,E1,evidence_data,L2,Data,Yuan -8% vs USD and -4% vs basket; Treasury holdings flat once Belgian accounts are counted; China is two-thirds of global soybean imports; U.S. beans traded at a discount to Brazil,header,,,False,,2020-01-31,E1
setser_jan_31_20#E2,E2  Studies & sources,setser_jan_31_20,banner,E2,evidence_source,L2,Studies & sources,His own Senate testimony; Toloui on balance-sheet policy; the Economist on managed trade,header,,,False,,2020-01-31,E2
setser_jan_31_20#M1,M1  Mechanism A,setser_jan_31_20,banner,M1,mechanism,L3,Mechanism A,"·
Outflow controls and the absence of carry-trade leverage prevented a 2015-style panic",header,,economic,False,,2020-01-31,M1
setser_jan_31_20#M2,M2  Mechanism B,setser_jan_31_20,banner,M2,mechanism,L3,Mechanism B,"·
Treasuries carry no leverage — if China pushed yields up, the Fed would simply react",header,,economic,False,,2020-01-31,M2
setser_jan_31_20#C1,C1  Intermediate claim,setser_jan_31_20,banner,C1,intermediate_claim,L4,Intermediate claim,"Five parallel verdicts: industrial policy untouched, currency buffered, Treasuries unused, manufactures spared, ag and energy targeted",header,,,False,,2020-01-31,C1
setser_jan_31_20#K,K  Main claim,setser_jan_31_20,banner,K,main_claim,L5,Main claim,"·
China can meet its 2020 commitments — and that is precisely the risk.
""What China's state gives, China's state can take away""",header,single,,False,,2020-01-31,K
setser_jan_31_20#X,X  Opposing view,setser_jan_31_20,banner,X,opposing_view,L6,Opposing view,"Both approaches carry costs — managed trade rewards diversion away from allies, while the conventional approach changed little in 2010-11",header,,,False,,2020-01-31,X
setser_jan_31_20#QF,QF  Caveat,setser_jan_31_20,banner,QF,caveat,L6,Caveat,"Tech decoupling will not bite in 2020: Boeing's own problems, no indigenous jet engines, semiconductors too early",header,,,False,,2020-01-31,QF
setser_jan_31_20#R1,R1  Other explanation,setser_jan_31_20,banner,R1,other_explanation,L6,Other explanation,"Why were manufactures spared? ""I am not quite sure why this is the case"" — two theories offered, neither chosen",header,,,False,,2020-01-31,R1
setser_feb_26_20#Q,"Q  Do tariffs change the trade balance, and who…",setser_feb_26_20,plain,Q,question,L0,"Do tariffs change the trade balance,
and who absorbed the Q4 US demand drop?","Do tariffs change the trade balance,
and who absorbed the Q4 US demand drop?",class,,,False,,2020-02-26,Q
setser_feb_26_20#P2,P2  Tariff revenue is not offset,setser_feb_26_20,plain,P2,stated_assumption,L1,Tariff revenue is not offset,Trade scholars assume it is; Setser says not necessarily,class,,,False,,2020-02-26,P2
setser_feb_26_20#P3,P3  Few substitutes for China goods,setser_feb_26_20,plain,P3,stated_assumption,L1,Few substitutes for China goods,So the tariffs work as a clear tax,class,,,False,,2020-02-26,P3
setser_feb_26_20#P1,P1  Trade balance = saving − investment,setser_feb_26_20,plain,P1,hidden_assumption,L1,Trade balance = saving − investment,"Never stated, but the argument depends on it",class,,,False,,2020-02-26,P1
setser_feb_26_20#P4,P4  Tariff uncertainty weighs on firms,setser_feb_26_20,plain,P4,stated_assumption,L1,Tariff uncertainty weighs on firms,Uncertainty can reduce investment,class,,,False,,2020-02-26,P4
setser_feb_26_20#D1,D1  Tariff revenue ~$30B → ~$80B a year,setser_feb_26_20,plain,D1,evidence_data,L2,Tariff revenue ~$30B → ~$80B a year,~15% average tariff on $500B+ of China imports,class,,,False,,2020-02-26,D1
setser_feb_26_20#D2,D2  Fajgelbaum et al.,setser_feb_26_20,plain,D2,evidence_data,L2,Fajgelbaum et al.,Govt captures 35bp of the 60bp GDP consumers lose,class,,,False,,2020-02-26,D2
setser_feb_26_20#D3,D3  Bussière et al. + chart,setser_feb_26_20,plain,D3,evidence_data,L2,Bussière et al. + chart,Investment slowdowns lead to import slowdowns,class,,,False,,2020-02-26,D3
setser_feb_26_20#D4,D4  Q4 imports weak,setser_feb_26_20,plain,D4,evidence_data,L2,Q4 imports weak,"Consumer goods, autos, capital goods all soft",class,,,False,,2020-02-26,D4
setser_feb_26_20#D5,D5  Vietnam exports to US +$17.5B,setser_feb_26_20,plain,D5,evidence_data,L2,Vietnam exports to US +$17.5B,Far short of the fall in China imports,class,,,False,,2020-02-26,D5
setser_feb_26_20#M1,M1  Tariffs act as a consumption tax,setser_feb_26_20,plain,M1,mechanism,L3,Tariffs act as a consumption tax,Backdoor fiscal tightening slows consumption,class,,,False,,2020-02-26,M1
setser_feb_26_20#M2,M2  Uncertainty cuts capex,setser_feb_26_20,plain,M2,mechanism,L3,Uncertainty cuts capex,Especially new business equipment,class,,,False,,2020-02-26,M2
setser_feb_26_20#M3,M3  Lower capex → lower imports,setser_feb_26_20,plain,M3,mechanism,L3,Lower capex → lower imports,Weaker investment means fewer imported goods,class,,,False,,2020-02-26,M3
setser_feb_26_20#C1,C1  Tariffs cut the deficit by slowing growth,setser_feb_26_20,plain,C1,intermediate_claim,L4,Tariffs cut the deficit by slowing growth,Not the argument Trump makes for them,class,,,False,,2020-02-26,C1
setser_feb_26_20#C2,C2  Diversion no longer offsets China,setser_feb_26_20,plain,C2,intermediate_claim,L4,Diversion no longer offsets China,Imports from other countries stopped making up the gap,class,,,False,,2020-02-26,C2
setser_feb_26_20#K,K  Main claim: the US demand shock was exported,setser_feb_26_20,plain,K,main_claim,L5,Main claim: the US demand shock was exported,"Setser: ""the weakening of U.S. demand was felt globally,
rather than in the United States""
US GDP held because services demand stayed strong",class,,,False,,2020-02-26,K
setser_feb_26_20#X,"X  Consensus: tariffs move level, not balance",setser_feb_26_20,plain,X,counterpoint,L6,"Consensus: tariffs move level, not balance",Setser admits he glossed over this too,class,,,False,,2020-02-26,X
setser_feb_26_20#QF,QF  COVID confound,setser_feb_26_20,plain,QF,counterpoint,L6,COVID confound,Blip or persistent trend? Too early to tell,class,,,False,,2020-02-26,QF
setser_feb_26_20#R1,R1  Rival causes of weak capex,setser_feb_26_20,plain,R1,counterpoint,L6,Rival causes of weak capex,"Strong dollar, 2018 Fed hikes, shale cutbacks",class,,,False,,2020-02-26,R1
setser_mar_31_20#Q,Q  Question,setser_mar_31_20,banner,Q,question,L0,Question,Emerging economies face the same shocks — do they need the same response?,header,,,False,,2020-03-31,Q
setser_mar_31_20#P1,P1  Stated assumption,setser_mar_31_20,banner,P1,stated_assumption,L1,Stated assumption,"Shocks can offset one another; swap lines fund dollar balance sheets, not balance-of-payments gaps",header,,,False,,2020-03-31,P1
setser_mar_31_20#P2,P2  Hidden assumption,setser_mar_31_20,banner,P2,hidden_assumption,L1,Hidden assumption,The external balance sheet is the right thing to sort countries by,header,,,False,,2020-03-31,P2
setser_mar_31_20#P3,P3  Revised prior,setser_mar_31_20,banner,P3,revised_prior,L1,Revised prior,"""contrary to a forecast that I made with Dr. Roubini back in 2005"" — private credit intermediation broke down before central banks lost their appetite for intervention",header,,,False,,2020-03-31,P3
setser_mar_31_20#E1,E1  Data,setser_mar_31_20,banner,E1,evidence_data,L2,Data,"Brent under $25, below almost every exporter's breakeven; Saudi reserves ~$500bn; GCC sovereign funds over $1tn; copper at multiyear lows",header,,,False,,2020-03-31,E1
setser_mar_31_20#E2,E2  Studies & sources,setser_mar_31_20,banner,E2,evidence_source,L2,Studies & sources,"Truman on IMF lending capacity; Landers, Lee and Morris on callable capital; Hagan and Buchheit on maturity extension; Carstens and the BIS on trade finance",header,,,False,,2020-03-31,E2
setser_mar_31_20#M1,M1  Mechanism A,setser_mar_31_20,banner,M1,mechanism,L3,Mechanism A,"·
The same four shocks land very differently depending on the external balance sheet",header,,economic,False,,2020-03-31,M1
setser_mar_31_20#M2,M2  Mechanism B,setser_mar_31_20,banner,M2,mechanism,L3,Mechanism B,"·
Swap lines solve dollar funding, but were never designed to cover a balance-of-payments shortfall",header,,economic,False,,2020-03-31,M2
setser_mar_31_20#C1,C1  Intermediate claim,setser_mar_31_20,banner,C1,intermediate_claim,L4,Intermediate claim,Countries with strong external balance sheets can weather this themselves if they act decisively,header,,,False,,2020-03-31,C1
setser_mar_31_20#C2,C2  Case type,setser_mar_31_20,banner,C2,case_type,L4,Case type,"Three types — reserve-rich commodity exporters, Asian surplus creditors, weak external balance sheets — and the last splits again into trade finance and balance-of-payments need",header,,,False,,2020-03-31,C2
setser_mar_31_20#K,K  Main claim,setser_mar_31_20,banner,K,main_claim,L5,Main claim,"·
""Different problems require different solutions"" — when private capital retreats, the official sector must advance",header,typology,,False,,2020-03-31,K
setser_mar_31_20#REC,REC  Recommendation,setser_mar_31_20,banner,REC,recommendation,L5,Recommendation,"Draw down buffers; central bank backstop plus swap lines; mobilise trade finance; SDR allocation, larger IMF capacity, MDB callable capital, payment deferral",header,,,False,,2020-03-31,REC
setser_mar_31_20#X,X  Opposing view,setser_mar_31_20,banner,X,opposing_view,L6,Opposing view,"Private creditors would rather be paid — ""this will take goodwill""",header,,,False,,2020-03-31,X
setser_mar_31_20#QF,QF  Caveat,setser_mar_31_20,banner,QF,caveat,L6,Caveat,"SDRs are allocated by quota rather than need, so they are insufficient alone; MDB capital would need legislation",header,,,False,,2020-03-31,QF
setser_jul_8_20#Q,Q  Question,setser_jul_8_20,banner,Q,question,L0,Question,Is China on track to meet its Phase One purchase commitments?,header,,,False,,2020-07-08,Q
setser_jul_8_20#P1,P1  Stated assumption,setser_jul_8_20,banner,P1,stated_assumption,L1,Stated assumption,"Agriculture and energy flow through a few state firms, so purchases can be directed; manufacturing cannot",header,,,False,state-can-direct-purchases,2020-07-08,P1
setser_jul_8_20#P2,P2  Hidden assumption,setser_jul_8_20,banner,P2,hidden_assumption,L1,Hidden assumption,A deal with numerical targets may be judged on those targets alone,header,,,False,,2020-07-08,P2
setser_jul_8_20#BM,BM  Benchmark,setser_jul_8_20,banner,BM,benchmark,L1B,Benchmark,"The deal's own numbers — a 2017 baseline, roughly $60bn above it, a $164.65bn target across the codes in Annex 6.1",header,,,False,,2020-07-08,BM
setser_jul_8_20#SCP,SCP  Scope choice,setser_jul_8_20,banner,SCP,scope_choice,L1B,Scope choice,Services excluded because in-China sales are not exports; aircraft adjusted out; only the listed HS codes counted,header,,,False,,2020-07-08,SCP
setser_jul_8_20#E1,E1  Data,setser_jul_8_20,banner,E1,evidence_data,L2,Data,"First-half pace implies ~$83bn, below the 2017 baseline of ~$101bn and even below 2019; energy at 7% of its target; 1m barrels a day at $40 still yields only $7.36bn",header,,,False,,2020-07-08,E1
setser_jul_8_20#E2,E2  Studies & sources,setser_jul_8_20,banner,E2,evidence_source,L2,Studies & sources,PIIE purchase tracker; Reuters on crude loadings; S&P Global on cancelled LNG cargoes; IMF growth forecast,header,,,False,,2020-07-08,E2
setser_jul_8_20#M1,M1  Mechanism A,setser_jul_8_20,banner,M1,mechanism,L3,Mechanism A,"·
There is no policy lever in manufacturing — import substitution continues and trade does not run through a few buyers",header,,economic,False,,2020-07-08,M1
setser_jul_8_20#M2,M2  Mechanism B,setser_jul_8_20,banner,M2,mechanism,L3,Mechanism B,"·
Seasonality blocks catch-up, and because targets are nominal a commodity price crash widens the gap without any change in volume",header,,economic,False,,2020-07-08,M2
setser_jul_8_20#C1,C1  Intermediate claim,setser_jul_8_20,banner,C1,intermediate_claim,L4,Intermediate claim,"Category by category: manufacturing will not close the gap, agriculture is behind but Q4 is still live, energy is effectively impossible",header,,,False,,2020-07-08,C1
setser_jul_8_20#K,K  Main claim,setser_jul_8_20,banner,K,main_claim,L5,Main claim,"·
The deal is failing on its own terms — insisting on impressive numbers made the shortfall easy to demonstrate",header,single,,False,,2020-07-08,K
setser_jul_8_20#X,X  Opposing view,setser_jul_8_20,banner,X,opposing_view,L6,Opposing view,"Raised up front and rebutted: ""the purchase commitments themselves were a mistake"" and ""COVID-19 changed everything"". A barrier-removal deal might have worked — but would not have produced a big number",header,,,False,,2020-07-08,X
setser_jul_8_20#QF,QF  Caveat,setser_jul_8_20,banner,QF,caveat,L6,Caveat,"Agriculture could still deliver in Q4, which creates a real cost to abandoning the deal now",header,,,False,,2020-07-08,QF
setser_jul_8_20#R1,R1  Other explanation,setser_jul_8_20,banner,R1,other_explanation,L6,Other explanation,"The aircraft collapse is exogenous — the largest category fell with the 737 MAX grounding, not with the deal",header,,,False,,2020-07-08,R1
setser_mar_10_24#Q,Q  Question,setser_mar_10_24,banner,Q,question,L0,Question,"Is China's centrality to global manufacturing really declining, as the fragmentation narrative suggests?",header,,,False,,2024-03-10,Q
setser_mar_10_24#P1,P1  Stated assumption,setser_mar_10_24,banner,P1,stated_assumption,L1,Stated assumption,Bilateral data misleads about global position — rerouting is not displacement,header,,,False,,2024-03-10,P1
setser_mar_10_24#P2,P2  Hidden assumption,setser_mar_10_24,banner,P2,hidden_assumption,L1,Hidden assumption,A correctly measured imbalance ought to drive policy,header,,,False,,2024-03-10,P2
setser_mar_10_24#ID,ID  Accounting identity,setser_mar_10_24,banner,ID,accounting_identity,L1,Accounting identity,"""A large manufacturing surplus requires an offsetting deficit in manufactures elsewhere"" — stated, and used to locate the counterpart",header,,,False,,2024-03-10,ID
setser_mar_10_24#SC,SC  Source credibility,setser_mar_10_24,banner,SC,source_credibility,L1,Source credibility,"The reported current account ""misleads"" — flagged, with the full case made in the August companion piece",header,,,False,,2024-03-10,SC
setser_mar_10_24#SCP,SCP  Scope choice,setser_mar_10_24,banner,SCP,scope_choice,L1B,Scope choice,"SITC categories 5 through 9, the standard manufactures breakout, from the long UN Comtrade series",header,,,False,,2024-03-10,SCP
setser_mar_10_24#E1,E1  Data,setser_mar_10_24,banner,E1,evidence_data,L2,Data,"Surplus at ~2% of world GDP, above peak Japan and Germany; 80% of solar panels; 35% of manufacturing output against 15% of global output",header,,,False,,2024-03-10,E1
setser_mar_10_24#E2,E2  Studies & sources,setser_mar_10_24,banner,E2,evidence_source,L2,Studies & sources,Baldwin on sole manufacturing superpower; Pettis on production giant and consumption pygmy; Bown on the tariff timeline; OECD value-added data,header,,,False,,2024-03-10,E2
setser_mar_10_24#E4,E4  Discrepancy,setser_mar_10_24,banner,E4,evidence_discrepancy,L2,Discrepancy,Manufacturing surplus near 2% of world GDP against a reported current account of just 1.5% of China's own GDP,header,,,False,,2024-03-10,E4
setser_mar_10_24#M1,M1  Mechanism A,setser_mar_10_24,banner,M1,mechanism,L3,Mechanism A,"·
Policy, not only comparative advantage — resistance to consumer stimulus and a thin safety net sustain a savings surplus",header,,economic,False,,2024-03-10,M1
setser_mar_10_24#M2,M2  Mechanism B,setser_mar_10_24,banner,M2,mechanism,L3,Mechanism B,"·
Upgrading is the stated growth plan, so advanced manufacturing capacity keeps expanding",header,,economic,False,,2024-03-10,M2
setser_mar_10_24#C1,C1  Intermediate claim,setser_mar_10_24,banner,C1,intermediate_claim,L4,Intermediate claim,"The counterpart to the surplus is the United States, not commodity exporters, and the gap keeps widening as a share of world GDP",header,,,False,,2024-03-10,C1
setser_mar_10_24#C3,C3  Policy reductio,setser_mar_10_24,banner,C3,policy_reductio,L4,Policy reductio,"Take the IMF's own advice — consolidate 7.5pp of GDP, cut rates, loosen the currency — run it through IMF-derived econometrics, and the current account rises about 4pp of China's GDP. The cure enlarges the disease.",header,,,False,,2024-03-10,C3
setser_mar_10_24#K,K  Main claim,setser_mar_10_24,banner,K,main_claim,L5,Main claim,"·
The imbalance is large, growing and mismeasured — it shows up everywhere except in the reported current account and in the IMF's analysis",header,single,,False,,2024-03-10,K
setser_mar_10_24#REC,REC  Recommendation,setser_mar_10_24,banner,REC,recommendation,L5,Recommendation,"The size of the imbalance, correctly measured, must be factored into Chinese policymaking and into external policy advice",header,,,False,,2024-03-10,REC
setser_mar_10_24#X,X  Opposing view,setser_mar_10_24,banner,X,opposing_view,L6,Opposing view,The standard view that the post-crisis fall in China's current account means external imbalances are no longer pressing,header,,,False,,2024-03-10,X
setser_mar_10_24#QF,QF  Caveat,setser_mar_10_24,banner,QF,caveat,L6,Caveat,Specialisation does partly reflect a large population and limited resources; the comprehensive data also lags and misses the 2020-2022 surge,header,,,False,,2024-03-10,QF
setser_aug_14_24#Q,Q  Question,setser_aug_14_24,banner,Q,question,L0,Question,"Why does the reported current account diverge from the customs surplus, and which is right?",header,,,False,,2024-08-14,Q
setser_aug_14_24#P1,P1  Stated assumption,setser_aug_14_24,banner,P1,stated_assumption,L1,Stated assumption,The balance-of-payments surplus should exceed customs; a methodology change should net out,header,,,False,,2024-08-14,P1
setser_aug_14_24#P2,P2  Hidden assumption,setser_aug_14_24,banner,P2,hidden_assumption,L1,Hidden assumption,"Customs data is ground truth — never argued for, the whole case rests on it",header,,,False,,2024-08-14,P2
setser_aug_14_24#SC,SC  Source credibility,setser_aug_14_24,banner,SC,source_credibility,L1,Source credibility,"The methodology was already changed at a convenient moment in 2015, and backdated",header,,,False,,2024-08-14,SC
setser_aug_14_24#E1,E1  Data,setser_aug_14_24,banner,E1,evidence_data,L2,Data,Reported current account ~$150bn below expectation in Q2,header,,,False,,2024-08-14,E1
setser_aug_14_24#E2,E2  Studies & sources,setser_aug_14_24,banner,E2,evidence_source,L2,Studies & sources,IMF Article IV Appendix VII; consistent with Adam Wolf's work,header,,,False,,2024-08-14,E2
setser_aug_14_24#E3,E3  Rival measurement,setser_aug_14_24,banner,E3,evidence_rival,L2,Rival measurement,The customs goods series against the balance-of-payments goods series,header,,,False,,2024-08-14,E3
setser_aug_14_24#E4,E4  Discrepancy,setser_aug_14_24,banner,E4,evidence_discrepancy,L2,Discrepancy,Gap explodes from 2022; BoP imports exceed customs imports for the first time in 2023,header,,,False,,2024-08-14,E4
setser_aug_14_24#M1,M1  Mechanism A,setser_aug_14_24,banner,M1,mechanism,L3,Mechanism A,"·
""Factoryless"" manufacturing — a sale to a non-resident is booked as an export though the goods never leave China",header,,distortion,False,,2024-08-14,M1
setser_aug_14_24#M2,M2  Mechanism B,setser_aug_14_24,banner,M2,mechanism,L3,Mechanism B,"·
Compilers switched from customs data to direct enterprise reporting in 2022",header,,distortion,False,,2024-08-14,M2
setser_aug_14_24#C1,C1  Intermediate claim,setser_aug_14_24,banner,C1,intermediate_claim,L4,Intermediate claim,It makes no economic sense; the offsetting adjustment is absent; the series cannot be replicated,header,,,False,,2024-08-14,C1
setser_aug_14_24#K,K  Main claim,setser_aug_14_24,banner,K,main_claim,L5,Main claim,"·
The reported surplus is an artifact of a methodology change",header,single,,False,,2024-08-14,K
setser_aug_14_24#RC,RC  Reconstruction,setser_aug_14_24,banner,RC,reconstruction,L5,Reconstruction,"Goods surplus understated by ~$300bn, over 1.5pp of GDP; true current account surplus close to $700bn — use the customs data",header,,,False,,2024-08-14,RC
setser_aug_14_24#REC,REC  Recommendation,setser_aug_14_24,banner,REC,recommendation,L5,Recommendation,implied only — stop using the reported series,header,,,True,,2024-08-14,REC
setser_aug_14_24#X,X  Opposing view,setser_aug_14_24,banner,X,opposing_view,L6,Opposing view,Analysts and the IMF read the post-2021 decline as real,header,,,False,,2024-08-14,X
setser_aug_14_24#QF,QF  Caveat,setser_aug_14_24,banner,QF,caveat,L6,Caveat,"The income line carries no detail, so this cannot be checked from outside",header,,,False,,2024-08-14,QF
setser_aug_14_24#DF,DF  Deferred question,setser_aug_14_24,banner,DF,deferred_question,L6,Deferred question,"The interest income anomaly is set aside ""for a future blog""",header,,,False,,2024-08-14,DF
setser_may_5_25#Q,Q  Question,setser_may_5_25,banner,Q,question,L0,Question,Why didn't tariffs push up the dollar?,header,,,False,,2025-05-05,Q
setser_may_5_25#ANOM,ANOM  Anomaly,setser_may_5_25,banner,ANOM,anomaly,L0,Anomaly,"Treasury, the CEA, conventional analysts and markets all expected appreciation. The dollar fell about 10% against the G10.",header,,,False,,2025-05-05,ANOM
setser_may_5_25#POS,POS  Position map,setser_may_5_25,banner,POS,position_map,L0,Position map,Bessent at roughly 4% appreciation per 10% of tariffs; Miran expecting a rise; Lerner symmetry in the textbooks; going long the dollar as the standard post-election trade,header,,,False,,2025-05-05,POS
setser_may_5_25#P1,P1  Stated assumption,setser_may_5_25,banner,P1,stated_assumption,L1,Stated assumption,"Lerner symmetry holds — a tax on imports is a tax on exports, even without retaliation",header,,,False,,2025-05-05,P1
setser_may_5_25#P2,P2  Hidden assumption,setser_may_5_25,banner,P2,hidden_assumption,L1,Hidden assumption,"Tariffs leave capital flows untouched, demand for U.S. assets is constant, and trading partners will not change their own policies",header,,,False,,2025-05-05,P2
setser_may_5_25#P3,P3  Revised prior,setser_may_5_25,banner,P3,revised_prior,L1,Revised prior,"""the dollar's downturn was still a bit of a surprise"" — he counts himself among those caught out",header,,,False,,2025-05-05,P3
setser_may_5_25#E1,E1  Data,setser_may_5_25,banner,E1,evidence_data,L2,Data,"Dollar down ~10% against the G10; a $400-550 imported phone now carries $40-110 of tariff; CNY 7.2, KRW 1400, JPY 140; 55% of China's formal reserves still in dollars",header,,,False,,2025-05-05,E1
setser_may_5_25#E2,E2  Studies & sources,setser_may_5_25,banner,E2,evidence_source,L2,Studies & sources,The Miran paper; IMF working paper on Lerner symmetry; SAFE 2023 annual report; Aitken on the ageing exceptionalism trade,header,,,False,,2025-05-05,E2
setser_may_5_25#M1,M1  Mechanism A,setser_may_5_25,banner,M1,mechanism,L3,Mechanism A,"·
Five channels at once — tariffs as fiscal tightening, recession risk hitting equities, China declining to let the yuan slide, Europe's fiscal turn, and a risk premium from treating allies as adversaries",header,,economic,False,,2025-05-05,M1
setser_may_5_25#M2,M2  Mechanism B,setser_may_5_25,banner,M2,mechanism,L3,Mechanism B,"·
The dollar was priced for perfection: the flow equilibrium needed ever-larger inflows at ever-higher valuations",header,,economic,False,,2025-05-05,M2
setser_may_5_25#C1,C1  Intermediate claim,setser_may_5_25,banner,C1,intermediate_claim,L4,Intermediate claim,Each of the five channels is plausible and none is decisive on its own,header,,,False,,2025-05-05,C1
setser_may_5_25#K,K  Main claim,setser_may_5_25,banner,K,main_claim,L5,Main claim,"·
""In a sense, the dollar's recent weakness is over-determined"" — he declines to choose",header,unresolved,,False,,2025-05-05,K
setser_may_5_25#X,X  Opposing view,setser_may_5_25,banner,X,opposing_view,L6,Opposing view,The consensus he started from — that tariffs mechanically lift the dollar,header,,,False,,2025-05-05,X
setser_may_5_25#QF,QF  Caveat,setser_may_5_25,banner,QF,caveat,L6,Caveat,The dollar is still strong by most measures; claims about the end of its reign are exaggerated,header,,,False,,2025-05-05,QF
setser_may_5_25#R1,R1  Other explanation,setser_may_5_25,banner,R1,other_explanation,L6,Other explanation,"The five theories function as rivals to each other, and he keeps all of them live",header,,,False,,2025-05-05,R1
setser_may_5_25#DF,DF  Deferred question,setser_may_5_25,banner,DF,deferred_question,L6,Deferred question,"The Taiwan test — how much appreciation will its central bank tolerate, and how would Treasury respond to one-sided intervention? ""This story isn't over.""",header,,,False,,2025-05-05,DF
setser_2025-07-07_china-stealth-surplus#Q,Q  Question,setser_2025-07-07_china-stealth-surplus,meta,Q,question,L0,Question,Why does China's surplus look small in IMF imbalance data when trade flows show it is huge?,header,,,False,,2025-07-07,Q
setser_2025-07-07_china-stealth-surplus#P1,P1  Stated assumption,setser_2025-07-07_china-stealth-surplus,meta,P1,stated_assumption,L1,Stated assumption,A large real estate crisis typically pushes a country to rely more on exports (standard economic theory),header,,,False,,2025-07-07,P1
setser_2025-07-07_china-stealth-surplus#P2,P2  Stated assumption,setser_2025-07-07_china-stealth-surplus,meta,P2,stated_assumption,L1,Stated assumption,Customs goods data captures China's real imbalance better than balance of payments data,header,,,False,,2025-07-07,P2
setser_2025-07-07_china-stealth-surplus#P3,P3  Hidden assumption,setser_2025-07-07_china-stealth-surplus,meta,P3,hidden_assumption,L1,Hidden assumption,Opaque official statistics that no one can replicate deserve less trust than physical trade flows,header,,,False,,2025-07-07,P3
setser_2025-07-07_china-stealth-surplus#E1,E1  Data,setser_2025-07-07_china-stealth-surplus,meta,E1,evidence_data,L2,Data,"China's 2024 current account surplus about $430 billion (just over 2 percent of GDP) versus the EU's $500 billion; goods and services surplus about $650 billion versus the EU's $620 billion; about $4 trillion in net interest-paying foreign assets, yet an investment income deficit of $150 to 200 billion; Chinese customs data show about $400 per phone; net vehicle exports above 6 million",header,,,False,,2025-07-07,E1
setser_2025-07-07_china-stealth-surplus#E2,E2  Studies and sources,setser_2025-07-07_china-stealth-surplus,meta,E2,evidence_source,L2,Studies and sources,IMF 2024 Article IV report; China's State Administration of Foreign Exchange argument about Apple; European Central Bank (Philip Lane) analysis of Ireland; Kenneth Rogoff in the IMF's Finance and Development,header,,,False,,2025-07-07,E2
setser_2025-07-07_china-stealth-surplus#M1,M1  China understated,setser_2025-07-07_china-stealth-surplus,meta,M1,mechanism,L3,China understated,An unexplained 2021 break in China's balance of payments goods series and an unexplained investment income deficit shrink China's reported current account,class,,,False,bop-understates-china-surplus,2025-07-07,M1
setser_2025-07-07_china-stealth-surplus#M2,M2  EU overstated,setser_2025-07-07_china-stealth-surplus,meta,M2,mechanism,L3,EU overstated,"U.S. multinationals in Ireland (Apple, pharmaceutical companies) inflate the EU's goods surplus and hide its investment income surplus",class,,,False,,2025-07-07,M2
setser_2025-07-07_china-stealth-surplus#C1,C1  Intermediate claim,setser_2025-07-07_china-stealth-surplus,meta,C1,intermediate_claim,L4,Intermediate claim,"Current account comparisons based on balance of payments data make Europe, not China, look like the main source of imbalance",header,,,False,,2025-07-07,C1
setser_2025-07-07_china-stealth-surplus#K,K  Main claim,setser_2025-07-07_china-stealth-surplus,meta,K,main_claim,L5,Main claim,The real imbalance is in China; the IMF and G7 should focus there,header,,,False,,2025-07-07,K
setser_2025-07-07_china-stealth-surplus#X,X  Opposing view,setser_2025-07-07_china-stealth-surplus,meta,X,opposing_view,L6,Opposing view,"The IMF and analysts using comprehensive goods and services data, who see the EU as the biggest contributor",header,,,False,,2025-07-07,X
setser_2025-07-07_china-stealth-surplus#QF,QF  Caveat,setser_2025-07-07_china-stealth-surplus,meta,QF,caveat,L6,Caveat,"Balance of payments adjustments may or may not be more accurate, and some are legitimate (insurance and freight, Airbus)",header,,,False,,2025-07-07,QF
setser_2025-07-07_china-stealth-surplus#R1,R1  Other explanation,setser_2025-07-07_china-stealth-surplus,meta,R1,other_explanation,L6,Other explanation,"China's services deficit, mostly travel, genuinely reduces its surplus",header,,,False,,2025-07-07,R1
setser_2025-07-28_china-eu-trade-war#Q,Q  Question,setser_2025-07-28_china-eu-trade-war,meta,Q,question,L0,Question,"Why is Europe losing ground to China in trade, and what should it do about it?",header,,,False,,2025-07-28,Q
setser_2025-07-28_china-eu-trade-war#P1,P1  Stated assumption,setser_2025-07-28_china-eu-trade-war,meta,P1,stated_assumption,L1,Stated assumption,"China's trade war tools are industrial policy and a weak currency, not tariffs",header,,,False,state-can-direct-purchases,2025-07-28,P1
setser_2025-07-28_china-eu-trade-war#P2,P2  Stated assumption,setser_2025-07-28_china-eu-trade-war,meta,P2,stated_assumption,L1,Stated assumption,"Chinese firms, private or state-linked, accept low returns on equity and build too much",header,,,False,,2025-07-28,P2
setser_2025-07-28_china-eu-trade-war#P3,P3  Hidden assumption,setser_2025-07-28_china-eu-trade-war,meta,P3,hidden_assumption,L1,Hidden assumption,A trading partner's surplus drains demand from your economy; manufacturing capacity has strategic value beyond its profits,header,,,False,,2025-07-28,P3
setser_2025-07-28_china-eu-trade-war#E1,E1  Data,setser_2025-07-28_china-eu-trade-war,meta,E1,evidence_data,L2,Data,European exports to China down about 0.5 percentage points of European GDP; EU trade deficit with China set to double between 2020 and 2025; European auto exports to China on track for about $10 billion by 2027; Chinese electric vehicle exports at a 3 million annual pace in the second quarter; net exports added about 2 percentage points to Chinese growth over four quarters; yuan weaker against the euro,header,,,False,,2025-07-28,E1
setser_2025-07-28_china-eu-trade-war#E2,E2  Studies and sources,setser_2025-07-28_china-eu-trade-war,meta,E2,evidence_source,L2,Studies and sources,"Centre for European Reform brief on German industry; Financial Times, New York Times and Wall Street Journal sector reporting; Adam Tooze; German customs data",header,,,False,,2025-07-28,E2
setser_2025-07-28_china-eu-trade-war#M1,M1  Overcapacity,setser_2025-07-28_china-eu-trade-war,meta,M1,mechanism,L3,Overcapacity,"Competing local governments add subsidized capacity, which drives profits down and pushes output China cannot absorb into exports",class,,,False,,2025-07-28,M1
setser_2025-07-28_china-eu-trade-war#M2,M2  Weak currency,setser_2025-07-28_china-eu-trade-war,meta,M2,mechanism,L3,Weak currency,State banks keep the yuan weak; its fall against the euro has roughly offset the EU's 17 percent countervailing duty on BYD,class,,,False,,2025-07-28,M2
setser_2025-07-28_china-eu-trade-war#C1,C1  Intermediate claim,setser_2025-07-28_china-eu-trade-war,meta,C1,intermediate_claim,L4,Intermediate claim,"The second China shock is eroding Europe's core export sectors and is large enough to matter for the whole economy, especially Germany's stagnation",header,,,False,,2025-07-28,C1
setser_2025-07-28_china-eu-trade-war#K,K  Main claim,setser_2025-07-28_china-eu-trade-war,meta,K,main_claim,L5,Main claim,"China is winning a trade war with Europe; Europe needs a counter-industrial policy, broader tariffs on Chinese autos and new pressure for the yuan to rise",header,,,False,,2025-07-28,K
setser_2025-07-28_china-eu-trade-war#X,X  Opposing view,setser_2025-07-28_china-eu-trade-war,meta,X,opposing_view,L6,Opposing view,Europe's inadequate response so far; Trump-style tariffs or commodity purchase deals as the fix,header,,,False,,2025-07-28,X
setser_2025-07-28_china-eu-trade-war#QF,QF  Caveat,setser_2025-07-28_china-eu-trade-war,meta,QF,caveat,L6,Caveat,"The United States is still importing, which limits the damage, but American firms will not absorb tariff costs much longer",header,,,False,,2025-07-28,QF
setser_2025-07-28_china-eu-trade-war#R1,R1  Other explanation,setser_2025-07-28_china-eu-trade-war,meta,R1,other_explanation,L6,Other explanation,China's long-standing tariff walls (25 percent on autos) also helped build the sector,header,,,False,,2025-07-28,R1
setser_2025-09-12_trump-shock-that-wasnt#Q,Q  Question,setser_2025-09-12_trump-shock-that-wasnt,meta,Q,question,L0,Question,Have Trump's tariffs actually shocked trade flows and the global economy?,header,,,False,,2025-09-12,Q
setser_2025-09-12_trump-shock-that-wasnt#P1,P1  Stated assumption,setser_2025-09-12_trump-shock-that-wasnt,meta,P1,stated_assumption,L1,Stated assumption,"A global tariff works like an exchange rate move: import elasticity of about 0.3 to 0.4, not the bilateral elasticity of about 2",header,,,False,,2025-09-12,P1
setser_2025-09-12_trump-shock-that-wasnt#P2,P2  Stated assumption,setser_2025-09-12_trump-shock-that-wasnt,meta,P2,stated_assumption,L1,Stated assumption,Record tariff revenue means Americans keep importing and paying the tariff,header,,,False,,2025-09-12,P2
setser_2025-09-12_trump-shock-that-wasnt#P3,P3  Hidden assumption,setser_2025-09-12_trump-shock-that-wasnt,meta,P3,hidden_assumption,L1,Hidden assumption,"Tax- and finance-driven flows (pharmaceuticals, gold) are noise; core trade is the real signal",header,,,False,,2025-09-12,P3
setser_2025-09-12_trump-shock-that-wasnt#E1,E1  Data,setser_2025-09-12_trump-shock-that-wasnt,meta,E1,evidence_data,L2,Data,"Annualized trade deficit peaked at $2 trillion in March, fell to $1 trillion, then rebounded to $1.2 trillion in July; imports from Taiwan up over 50 percent year to date; first-term tariffs cut affected trade about 30 percent, and about 50 percent for goods tariffed at 25 percent; high-frequency global trade measures have not slowed",header,,,False,,2025-09-12,E1
setser_2025-09-12_trump-shock-that-wasnt#E2,E2  Studies and sources,setser_2025-09-12_trump-shock-that-wasnt,meta,E2,evidence_source,L2,Studies and sources,New York Times reporting; U.S. trade data; federal court ruling on tariff authority,header,,,False,,2025-09-12,E2
setser_2025-09-12_trump-shock-that-wasnt#M1,M1  Front-running,setser_2025-09-12_trump-shock-that-wasnt,meta,M1,mechanism,L3,Front-running,Pharmaceutical stockpiling (distorted by tax) and gold flows drive the headline swings,class,,,False,,2025-09-12,M1
setser_2025-09-12_trump-shock-that-wasnt#M2,M2  Trade diversion,setser_2025-09-12_trump-shock-that-wasnt,meta,M2,mechanism,L3,Trade diversion,Imports shift from China to Taiwan and Southeast Asia as final assembly relocates,class,,,False,,2025-09-12,M2
setser_2025-09-12_trump-shock-that-wasnt#M3,M3  Artificial intelligence investment,setser_2025-09-12_trump-shock-that-wasnt,meta,M3,mechanism,L3,Artificial intelligence investment,The data center buildout pushes electronics imports up,class,,,False,,2025-09-12,M3
setser_2025-09-12_trump-shock-that-wasnt#M4,M4  Elasticity math,setser_2025-09-12_trump-shock-that-wasnt,meta,M4,mechanism,L3,Elasticity math,A 15 percent tariff times a 0.3 to 0.4 elasticity cuts imports 5 to 6 percent; non-oil imports fall from about 10 to 9.5 percent of GDP,class,,,False,,2025-09-12,M4
setser_2025-09-12_trump-shock-that-wasnt#C1,C1  Intermediate claim,setser_2025-09-12_trump-shock-that-wasnt,meta,C1,intermediate_claim,L4,Intermediate claim,"Excluding pharmaceuticals and gold, U.S. imports are roughly on trend; the shock to trade rules far exceeds the shock to trade flows",header,,,False,,2025-09-12,C1
setser_2025-09-12_trump-shock-that-wasnt#K,K  Main claim,setser_2025-09-12_trump-shock-that-wasnt,meta,K,main_claim,L5,Main claim,"The Trump shock to trade flows has not happened yet, though a modest impact should appear",header,,,False,,2025-09-12,K
setser_2025-09-12_trump-shock-that-wasnt#X,X  Opposing view,setser_2025-09-12_trump-shock-that-wasnt,meta,X,opposing_view,L6,Opposing view,Reading headline volatility as tariffs crushing trade,header,,,False,,2025-09-12,X
setser_2025-09-12_trump-shock-that-wasnt#QF,QF  Caveat,setser_2025-09-12_trump-shock-that-wasnt,meta,QF,caveat,L6,Caveat,August deals doubled tariffs on Southeast Asia relative to April; fall data may show more impact; the tariffs' legality is unresolved,header,,,False,,2025-09-12,QF
setser_2025-09-12_trump-shock-that-wasnt#R1,R1  Other explanation,setser_2025-09-12_trump-shock-that-wasnt,meta,R1,other_explanation,L6,Other explanation,Waiting for tariff relief (autos) replaces front-running; other exporters can take U.S. market share abroad,header,,,False,,2025-09-12,R1
setser_2025-11-12_china-surplus-imf#Q,Q  Question,setser_2025-11-12_china-surplus-imf,meta,Q,question,L0,Question,"How big is China's surplus really, why does the IMF miss it, and what policy should follow?",header,,,False,,2025-11-12,Q
setser_2025-11-12_china-surplus-imf#P1,P1  Stated assumption,setser_2025-11-12_china-surplus-imf,meta,P1,stated_assumption,L1,Stated assumption,The surplus stems from a shortfall in China's domestic demand (European Central Bank view),header,,,False,,2025-11-12,P1
setser_2025-11-12_china-surplus-imf#P2,P2  Stated assumption,setser_2025-11-12_china-surplus-imf,meta,P2,stated_assumption,L1,Stated assumption,"Deflation combined with a rising trade surplus calls for sustained fiscal expansion, not monetary easing",header,,,False,,2025-11-12,P2
setser_2025-11-12_china-surplus-imf#P3,P3  Hidden assumption,setser_2025-11-12_china-surplus-imf,meta,P3,hidden_assumption,L1,Hidden assumption,External balance is a legitimate policy target; exporting your way out of a slump imposes costs on other countries,header,,,False,,2025-11-12,P3
setser_2025-11-12_china-surplus-imf#E1,E1  Data,setser_2025-11-12_china-surplus-imf,meta,E1,evidence_data,L2,Data,"Export volumes up 40 percent since end-2019 versus imports up 1 percent; manufactured goods surplus over $2 trillion (about 10.5 percent of GDP); goods surplus $1.2 trillion; car exports over 6 million, heading toward 8 million in 2026; current account surplus 2.2 percent of GDP versus the EU's 2.6 percent; IMF forecast a 2025 surplus of $375 billion, while the actual tops $650 billion through the third quarter",header,,,False,,2025-11-12,E1
setser_2025-11-12_china-surplus-imf#E2,E2  Studies and sources,setser_2025-11-12_china-surplus-imf,meta,E2,evidence_source,L2,Studies and sources,"IMF External Sector Report 2025, October World Economic Outlook and 2024 Article IV report; European Central Bank analysis; Netherlands Bureau for Economic Policy Analysis export volume data; Microsoft annual report",header,,,False,,2025-11-12,E2
setser_2025-11-12_china-surplus-imf#M1,M1  Demand shortfall,setser_2025-11-12_china-surplus-imf,meta,M1,mechanism,L3,Demand shortfall,"Weak domestic demand leaves spare capacity for exports; rate cuts lower yields and weaken the yuan, widening the surplus",class,,,False,,2025-11-12,M1
setser_2025-11-12_china-surplus-imf#M2,M2  Mismeasurement,setser_2025-11-12_china-surplus-imf,meta,M2,mechanism,L3,Mismeasurement,The 2022 balance of payments methodology and the unexplained income deficit each cut about 1 percentage point of GDP from the reported current account surplus,class,,,False,bop-understates-china-surplus,2025-11-12,M2
setser_2025-11-12_china-surplus-imf#M3,M3  IMF lens,setser_2025-11-12_china-surplus-imf,meta,M3,mechanism,L3,IMF lens,"Relying only on the reported current account frames China's problem as purely internal, so the IMF prescribes monetary easing",class,,,False,,2025-11-12,M3
setser_2025-11-12_china-surplus-imf#C1,C1  Intermediate claim,setser_2025-11-12_china-surplus-imf,meta,C1,intermediate_claim,L4,Intermediate claim,"China's surplus is massive and growing, yet IMF policy advice effectively lets China export its way out of its housing slump",header,,,False,,2025-11-12,C1
setser_2025-11-12_china-surplus-imf#K,K  Main claim,setser_2025-11-12_china-surplus-imf,meta,K,main_claim,L5,Main claim,The IMF should recognize China's external imbalance and call for a fiscal expansion funded by the central government,header,,,False,,2025-11-12,K
setser_2025-11-12_china-surplus-imf#X,X  Opposing view,setser_2025-11-12_china-surplus-imf,meta,X,opposing_view,L6,Opposing view,The IMF's framing; the argument that Europe's surplus is almost as big,header,,,False,,2025-11-12,X
setser_2025-11-12_china-surplus-imf#QF,QF  Caveat,setser_2025-11-12_china-surplus-imf,meta,QF,caveat,L6,Caveat,China's GDP data are too thin to confirm the net export math; the IMF does support pro-consumption structural reforms,header,,,False,,2025-11-12,QF
setser_2025-11-12_china-surplus-imf#R1,R1  Other explanation,setser_2025-11-12_china-surplus-imf,meta,R1,other_explanation,L6,Other explanation,Ireland distorts European data; IMF forecast misses come from ignoring lagged exchange rate effects and treating the pandemic surge as temporary,header,,,False,,2025-11-12,R1
setser_2026-02-03_october-2025-deficit#Q,Q  Question,setser_2026-02-03_october-2025-deficit,meta,Q,question,L0,Question,Does the low October 2025 trade deficit mean the tariffs are working?,header,,,False,,2026-02-03,Q
setser_2026-02-03_october-2025-deficit#P1,P1  Stated assumption,setser_2026-02-03_october-2025-deficit,meta,P1,stated_assumption,L1,Stated assumption,"Tariffs reduce the trade deficit only if their proceeds reduce the budget deficit, acting as a tax hike",header,,,False,,2026-02-03,P1
setser_2026-02-03_october-2025-deficit#P2,P2  Stated assumption,setser_2026-02-03_october-2025-deficit,meta,P2,stated_assumption,L1,Stated assumption,Remove pharmaceuticals and gold to read the underlying deficit,header,,,False,,2026-02-03,P2
setser_2026-02-03_october-2025-deficit#P3,P3  Hidden assumption,setser_2026-02-03_october-2025-deficit,meta,P3,hidden_assumption,L1,Hidden assumption,The trade balance is a macroeconomic savings-investment outcome; inventory swings reverse over time,header,,,False,,2026-02-03,P3
setser_2026-02-03_october-2025-deficit#E1,E1  Data,setser_2026-02-03_october-2025-deficit,meta,E1,evidence_data,L2,Data,"October's drop came entirely from pharmaceuticals and gold; excluding them, October's deficit was slightly bigger than September's; August to October deficits below 2024, but early 2025 far above; imports of autos and household durable goods down; imports of semiconductors and computers up",header,,,False,,2026-02-03,E1
setser_2026-02-03_october-2025-deficit#E2,E2  Studies and sources,setser_2026-02-03_october-2025-deficit,meta,E2,evidence_source,L2,Studies and sources,U.S. trade data; Section 232 semiconductor investigation,header,,,False,,2026-02-03,E2
setser_2026-02-03_october-2025-deficit#M1,M1  Tariff fears,setser_2026-02-03_october-2025-deficit,meta,M1,mechanism,L3,Tariff fears,Fear of tariffs that never came drove pharmaceutical stockpiling and gold flowing out and back,class,,,False,,2026-02-03,M1
setser_2026-02-03_october-2025-deficit#M2,M2  Inventory drawdown,setser_2026-02-03_october-2025-deficit,meta,M2,mechanism,L3,Inventory drawdown,"Stockpiles built ahead of tariffs temporarily depress imports, and stockpiles run out",class,,,False,,2026-02-03,M2
setser_2026-02-03_october-2025-deficit#M3,M3  Untariffed artificial intelligence investment,setser_2026-02-03_october-2025-deficit,meta,M3,mechanism,L3,Untariffed artificial intelligence investment,The data center buildout keeps semiconductor and computer imports rising,class,,,False,,2026-02-03,M3
setser_2026-02-03_october-2025-deficit#M4,M4  Fiscal channel,setser_2026-02-03_october-2025-deficit,meta,M4,mechanism,L3,Fiscal channel,Promised refund checks and pressure for more defense spending block a fiscal adjustment,class,,,False,,2026-02-03,M4
setser_2026-02-03_october-2025-deficit#C1,C1  Intermediate claim,setser_2026-02-03_october-2025-deficit,meta,C1,intermediate_claim,L4,Intermediate claim,"Tariffs reduce imports in specific categories, but the overall deficit is driven by untariffed goods and stockpile timing",header,,,False,,2026-02-03,C1
setser_2026-02-03_october-2025-deficit#K,K  Main claim,setser_2026-02-03_october-2025-deficit,meta,K,main_claim,L5,Main claim,"No: the low October deficit is not evidence the tariffs work, and a significant fall in the 2025 deficit is unlikely",header,,,False,,2026-02-03,K
setser_2026-02-03_october-2025-deficit#X,X  Opposing view,setser_2026-02-03_october-2025-deficit,meta,X,opposing_view,L6,Opposing view,Trump's trade team claiming success from smaller deficits than in the same months of 2024,header,,,False,,2026-02-03,X
setser_2026-02-03_october-2025-deficit#QF,QF  Caveat,setser_2026-02-03_october-2025-deficit,meta,QF,caveat,L6,Caveat,Tariffed categories really are falling; watch whether imports rebound once stockpiles are exhausted,header,,,False,,2026-02-03,QF
setser_2026-02-03_october-2025-deficit#R1,R1  Other explanation,setser_2026-02-03_october-2025-deficit,meta,R1,other_explanation,L6,Other explanation,Auto imports fell along with auto sales: weaker demand rather than more U.S. production,header,,,False,,2026-02-03,R1
