date,year,family,type,header,text,full,concept,doc,node_id,article,url,implicit_only,type_source,n_targets,leads_to
2020-01-31,2020,banner,hidden_assumption,Hidden assumption,The capacity to deliver purchases is the same capacity that can withdraw them,Hidden assumption - The capacity to deliver purchases is the same capacity that can withdraw them,,setser_jan_31_20,P2,Lessons From Phase One of the Trade War With China,,0,header,1,"licenses -> K (main_claim): · China can meet its 2020 commitments — and that is precisely the risk. ""What China's state gives, China's state can take away"""
2020-02-26,2020,plain,hidden_assumption,Trade balance = saving − investment,"Never stated, but the argument depends on it","Trade balance = saving − investment - Never stated, but the argument depends on it",,setser_feb_26_20,P1,"Do tariffs change the trade balance, and who absorbed the Q4 US demand drop?",,0,class,1,licenses -> C1 (intermediate_claim): Not the argument Trump makes for them
2020-03-31,2020,banner,hidden_assumption,Hidden assumption,The external balance sheet is the right thing to sort countries by,Hidden assumption - The external balance sheet is the right thing to sort countries by,,setser_mar_31_20,P2,"Not One Emerging Market Financial Crisis, but Many",,0,header,1,"licenses -> C2 (case_type): Three types — reserve-rich commodity exporters, Asian surplus creditors, weak external balance sheets — and the last splits again into trade finance and balance-of-payments need"
2020-07-08,2020,banner,hidden_assumption,Hidden assumption,A deal with numerical targets may be judged on those targets alone,Hidden assumption - A deal with numerical targets may be judged on those targets alone,,setser_jul_8_20,P2,Slouching Toward Phase One,,0,header,1,licenses -> K (main_claim): · The deal is failing on its own terms — insisting on impressive numbers made the shortfall easy to demonstrate
2024-03-10,2024,banner,hidden_assumption,Hidden assumption,A correctly measured imbalance ought to drive policy,Hidden assumption - A correctly measured imbalance ought to drive policy,,setser_mar_10_24,P2,China's Record Manufacturing Surplus,,0,header,1,"licenses -> REC (recommendation): The size of the imbalance, correctly measured, must be factored into Chinese policymaking and into external policy advice"
2024-08-14,2024,banner,hidden_assumption,Hidden assumption,"Customs data is ground truth — never argued for, the whole case rests on it","Hidden assumption - Customs data is ground truth — never argued for, the whole case rests on it",,setser_aug_14_24,P2,China's Imaginary Trade Data,,0,header,1,"licenses -> RC (reconstruction): Goods surplus understated by ~$300bn, over 1.5pp of GDP; true current account surplus close to $700bn — use the customs data"
2025-05-05,2025,banner,hidden_assumption,Hidden assumption,"Tariffs leave capital flows untouched, demand for U.S. assets is constant, and trading partners will not change their own policies","Hidden assumption - Tariffs leave capital flows untouched, demand for U.S. assets is constant, and trading partners will not change their own policies",,setser_may_5_25,P2,Why Didn't Tariffs Push Up the U.S. Dollar?,,0,header,1,"undercut_by -> M1 (mechanism): · Five channels at once — tariffs as fiscal tightening, recession risk hitting equities, China declining to let the yuan slide, Europe's fiscal turn, and a risk premium from treating allies as adversaries"
2025-07-07,2025,meta,hidden_assumption,Hidden assumption,Opaque official statistics that no one can replicate deserve less trust than physical trade flows,Hidden assumption - Opaque official statistics that no one can replicate deserve less trust than physical trade flows,,setser_2025-07-07_china-stealth-surplus,P3,China's Stealth Trade Surplus,https://www.cfr.org/articles/chinas-stealth-trade-surplus,0,header,1,"licenses -> C1 (intermediate_claim): Current account comparisons based on balance of payments data make Europe, not China, look like the main source of imbalance"
2025-07-28,2025,meta,hidden_assumption,Hidden assumption,A trading partner's surplus drains demand from your economy; manufacturing capacity has strategic value beyond its profits,Hidden assumption - A trading partner's surplus drains demand from your economy; manufacturing capacity has strategic value beyond its profits,,setser_2025-07-28_china-eu-trade-war,P3,China is also Fighting a Trade War with Europe (and Winning),https://www.cfr.org/articles/china-also-fighting-trade-war-europe-and-winning,0,header,1,"licenses -> C1 (intermediate_claim): The second China shock is eroding Europe's core export sectors and is large enough to matter for the whole economy, especially Germany's stagnation"
2025-09-12,2025,meta,hidden_assumption,Hidden assumption,"Tax- and finance-driven flows (pharmaceuticals, gold) are noise; core trade is the real signal","Hidden assumption - Tax- and finance-driven flows (pharmaceuticals, gold) are noise; core trade is the real signal",,setser_2025-09-12_trump-shock-that-wasnt,P3,The Trump Shock That Wasn't (At Least Not Yet),https://www.cfr.org/articles/trump-shock-wasnt-least-not-yet,0,header,2,"supports -> M1 (mechanism): Pharmaceutical stockpiling (distorted by tax) and gold flows drive the headline swings | licenses -> C1 (intermediate_claim): Excluding pharmaceuticals and gold, U.S. imports are roughly on trend; the shock to trade rules far exceeds the shock to trade flows"
2025-11-12,2025,meta,hidden_assumption,Hidden assumption,External balance is a legitimate policy target; exporting your way out of a slump imposes costs on other countries,Hidden assumption - External balance is a legitimate policy target; exporting your way out of a slump imposes costs on other countries,,setser_2025-11-12_china-surplus-imf,P3,China's Massive Surplus is Everywhere (Yet The IMF Still Has Trouble Seeing It Clearly),https://www.cfr.org/articles/chinas-massive-surplus-everywhere-yet-imf-still-has-trouble-seeing-it-clearly,0,header,1,"licenses -> C1 (intermediate_claim): China's surplus is massive and growing, yet IMF policy advice effectively lets China export its way out of its housing slump"
2026-02-03,2026,meta,hidden_assumption,Hidden assumption,The trade balance is a macroeconomic savings-investment outcome; inventory swings reverse over time,Hidden assumption - The trade balance is a macroeconomic savings-investment outcome; inventory swings reverse over time,,setser_2026-02-03_october-2025-deficit,P3,Understanding the Low October 2025 Trade Deficit,https://www.cfr.org/articles/understanding-the-low-october-2025-trade-deficit,0,header,1,"licenses -> C1 (intermediate_claim): Tariffs reduce imports in specific categories, but the overall deficit is driven by untariffed goods and stockpile timing"
2017-12-15,2017,plain,stated_assumption,Net exports contribute to GDP growth,Changes in exports and imports mechanically affect output growth,Net exports contribute to GDP growth - Changes in exports and imports mechanically affect output growth,,setser_dec_15_17,P1,"Why does the U.S. trade balance still matter, even if deficits can accompany strong growth?",,0,class,1,supports -> M1 (mechanism): More demand leaks abroad through net imports
2017-12-15,2017,plain,stated_assumption,Trade shapes employment composition,Goods-producing sectors and regions are unevenly exposed,Trade shapes employment composition - Goods-producing sectors and regions are unevenly exposed,,setser_dec_15_17,P2,"Why does the U.S. trade balance still matter, even if deficits can accompany strong growth?",,0,class,1,supports -> M2 (mechanism): Manufacturing deficits reduce employment in exposed sectors and regions
2017-12-15,2017,plain,stated_assumption,Persistent deficits accumulate external debt,Ongoing borrowing raises the net external debt stock,Persistent deficits accumulate external debt - Ongoing borrowing raises the net external debt stock,deficits-require-financing,setser_dec_15_17,P3,"Why does the U.S. trade balance still matter, even if deficits can accompany strong growth?",,0,class,1,supports -> M3 (mechanism): Persistent borrowing plus higher interest costs raise the external debt burden
2018-02-15,2018,plain,stated_assumption,Fiscal stimulus raises domestic demand,Tax cuts and spending increases boost U.S. demand,Fiscal stimulus raises domestic demand - Tax cuts and spending increases boost U.S. demand,,setser_feb_15_18,P1,Will Trump's fiscal expansion undermine his goal of reducing the U.S. trade deficit?,,0,class,1,supports -> M1 (mechanism): Stronger U.S. demand spills into foreign production
2018-02-15,2018,plain,stated_assumption,Imports respond strongly to U.S. demand,Fed model: import income elasticity around 2,Imports respond strongly to U.S. demand - Fed model: import income elasticity around 2,,setser_feb_15_18,P2,Will Trump's fiscal expansion undermine his goal of reducing the U.S. trade deficit?,,0,class,1,supports -> M1 (mechanism): Stronger U.S. demand spills into foreign production
2018-02-15,2018,plain,stated_assumption,Exchange-rate effects arrive with lags,Dollar moves take years to fully affect trade,Exchange-rate effects arrive with lags - Dollar moves take years to fully affect trade,,setser_feb_15_18,P3,Will Trump's fiscal expansion undermine his goal of reducing the U.S. trade deficit?,,0,class,1,supports -> M3 (mechanism): Exports rise and imports soften only after substantial lags
2018-06-04,2018,plain,stated_assumption,Trade balances are macroeconomic,"They reflect demand, fiscal policy, currencies, and external adjustment—not just trade deals","Trade balances are macroeconomic - They reflect demand, fiscal policy, currencies, and external adjustment—not just trade deals",,setser_jun_4_18,P1,Could global macro shocks overwhelm trade deals and push the U.S. trade deficit higher?,,0,class,1,supports -> M3 (mechanism): Strong U.S. demand plus weak foreign demand raises net imports
2018-06-04,2018,plain,stated_assumption,U.S. fiscal stimulus needs foreign demand,The deficit rises unless stronger U.S. demand is matched abroad,U.S. fiscal stimulus needs foreign demand - The deficit rises unless stronger U.S. demand is matched abroad,,setser_jun_4_18,P2,Could global macro shocks overwhelm trade deals and push the U.S. trade deficit higher?,,0,class,1,supports -> M3 (mechanism): Strong U.S. demand plus weak foreign demand raises net imports
2018-06-04,2018,plain,stated_assumption,Weak demand encourages export-led adjustment,Countries under pressure often rely on weaker currencies and exports,Weak demand encourages export-led adjustment - Countries under pressure often rely on weaker currencies and exports,,setser_jun_4_18,P3,Could global macro shocks overwhelm trade deals and push the U.S. trade deficit higher?,,0,class,2,supports -> M1 (mechanism): Lower domestic spending abroad reduces demand for imports | supports -> M2 (mechanism): Dollar strength hurts U.S. trade competitiveness
2019-05-02,2019,plain,stated_assumption,China controls the yuan,"Reserves, capital controls, and policy tools give Beijing substantial exchange-rate control","China controls the yuan - Reserves, capital controls, and policy tools give Beijing substantial exchange-rate control",,setser_may_2_19,P1,"If U.S.-China trade tensions escalate, will China keep the yuan stable or let it weaken?",,0,class,1,supports -> C1 (intermediate_claim): It is not mechanically forced into depreciation
2019-05-02,2019,plain,stated_assumption,Depreciation offsets tariffs,A weaker yuan lets exporters lower dollar prices while preserving yuan revenue,Depreciation offsets tariffs - A weaker yuan lets exporters lower dollar prices while preserving yuan revenue,,setser_may_2_19,P2,"If U.S.-China trade tensions escalate, will China keep the yuan stable or let it weaken?",,0,class,1,supports -> M2 (mechanism): A weaker yuan offsets part of the tariff in dollar terms
2019-05-02,2019,plain,stated_assumption,Stability has value,A stable currency supports confidence and reduces financial risk,Stability has value - A stable currency supports confidence and reduces financial risk,,setser_may_2_19,P3,"If U.S.-China trade tensions escalate, will China keep the yuan stable or let it weaken?",,0,class,1,supports -> M3 (mechanism): Avoiding a large currency move limits financial instability
2019-05-10,2019,plain,stated_assumption,China controls the yuan,"Reserves, capital controls, and policy tools give Beijing substantial exchange-rate control","China controls the yuan - Reserves, capital controls, and policy tools give Beijing substantial exchange-rate control",,setser_may_10_19,P1,"If U.S.-China trade tensions escalate, will China keep the yuan stable or let it weaken?",,0,class,1,supports -> C1 (intermediate_claim): It is not mechanically forced into depreciation
2019-05-10,2019,plain,stated_assumption,Depreciation offsets tariffs,A weaker yuan lets exporters lower dollar prices while preserving yuan revenue,Depreciation offsets tariffs - A weaker yuan lets exporters lower dollar prices while preserving yuan revenue,,setser_may_10_19,P2,"If U.S.-China trade tensions escalate, will China keep the yuan stable or let it weaken?",,0,class,1,supports -> M2 (mechanism): A weaker yuan offsets part of the tariff in dollar terms
2019-05-10,2019,plain,stated_assumption,Stability has value,A stable currency supports confidence and reduces financial risk,Stability has value - A stable currency supports confidence and reduces financial risk,,setser_may_10_19,P3,"If U.S.-China trade tensions escalate, will China keep the yuan stable or let it weaken?",,0,class,1,supports -> M3 (mechanism): Avoiding a large currency move limits financial instability
2019-06-14,2019,plain,stated_assumption,Tariff effects are sector-specific,Substitution and market structure determine the aggregate impact,Tariff effects are sector-specific - Substitution and market structure determine the aggregate impact,,setser_jun_14_19,P1,Why did China's tariffs devastate some U.S. exports but have limited effects on others?,,0,class,2,supports -> M1 (mechanism): Lost Chinese demand becomes lost total exports | supports -> M2 (mechanism): Sales shift markets without reducing total exports
2019-06-14,2019,plain,stated_assumption,Bilateral trade ≠ total trade,Lost sales to China may be redirected elsewhere,Bilateral trade ≠ total trade - Lost sales to China may be redirected elsewhere,,setser_jun_14_19,P2,Why did China's tariffs devastate some U.S. exports but have limited effects on others?,,0,class,1,supports -> M2 (mechanism): Sales shift markets without reducing total exports
2019-06-14,2019,plain,stated_assumption,Retaliation requires viable substitutes,China cannot easily stop buying essential imports,Retaliation requires viable substitutes - China cannot easily stop buying essential imports,,setser_jun_14_19,P3,Why did China's tariffs devastate some U.S. exports but have limited effects on others?,,0,class,1,supports -> M3 (mechanism): Chinese firms continue buying needed U.S. goods
2019-08-13,2019,plain,stated_assumption,Trade shares reveal production structure,Exports and imports relative to GDP show how economies engage globally,Trade shares reveal production structure - Exports and imports relative to GDP show how economies engage globally,,setser_aug_13_19,P1,"Why do the U.S., Europe, and China now occupy such different positions in manufacturing trade?",,0,class,1,supports -> M4 (mechanism): China sells far more manufactures abroad than it buys
2019-08-13,2019,plain,stated_assumption,Manufacturing balances reflect where production occurs,Not simply how open an economy is,Manufacturing balances reflect where production occurs - Not simply how open an economy is,,setser_aug_13_19,P2,"Why do the U.S., Europe, and China now occupy such different positions in manufacturing trade?",,0,class,1,"supports -> M1 (mechanism): 'Design here, make abroad' shifts manufacturing production overseas"
2019-08-13,2019,plain,stated_assumption,Persistent deficits require financing,Import bills must ultimately be covered by income or borrowing,Persistent deficits require financing - Import bills must ultimately be covered by income or borrowing,deficits-require-financing,setser_aug_13_19,P3,"Why do the U.S., Europe, and China now occupy such different positions in manufacturing trade?",,0,class,1,supports -> M2 (mechanism): Foreign earnings offset part of the manufacturing import bill
2019-09-20,2019,plain,stated_assumption,Global surpluses require matching deficits,"If large economies save externally, another economy must absorb the surplus","Global surpluses require matching deficits - If large economies save externally, another economy must absorb the surplus",,setser_sep_20_19,P1,"Why do global trade imbalances persist, and why could they worsen before improving?",,0,class,1,supports -> M4 (mechanism): North America takes the other side through external deficits and debt
2019-09-20,2019,plain,stated_assumption,Fiscal policy shapes external balances,Weak domestic demand tends to reduce imports and raise surpluses,Fiscal policy shapes external balances - Weak domestic demand tends to reduce imports and raise surpluses,,setser_sep_20_19,P2,"Why do global trade imbalances persist, and why could they worsen before improving?",,0,class,1,supports -> M1 (mechanism): Lower imports and excess saving generate European surpluses
2019-09-20,2019,plain,stated_assumption,Excess saving generates surplus pressure,Saving above domestic investment pushes capital and demand abroad,Excess saving generates surplus pressure - Saving above domestic investment pushes capital and demand abroad,,setser_sep_20_19,P3,"Why do global trade imbalances persist, and why could they worsen before improving?",,0,class,1,supports -> M2 (mechanism): China saves more than its economy can sustainably absorb
2020-01-31,2020,banner,stated_assumption,Stated assumption,Industrial policy is non-negotiable; the state can direct commodity purchases,Stated assumption - Industrial policy is non-negotiable; the state can direct commodity purchases,state-can-direct-purchases,setser_jan_31_20,P1,Lessons From Phase One of the Trade War With China,,0,header,1,"licenses -> C1 (intermediate_claim): Five parallel verdicts: industrial policy untouched, currency buffered, Treasuries unused, manufactures spared, ag and energy targeted"
2020-02-26,2020,plain,stated_assumption,Tariff revenue is not offset,Trade scholars assume it is; Setser says not necessarily,Tariff revenue is not offset - Trade scholars assume it is; Setser says not necessarily,,setser_feb_26_20,P2,"Do tariffs change the trade balance, and who absorbed the Q4 US demand drop?",,0,class,1,supports -> M1 (mechanism): Backdoor fiscal tightening slows consumption
2020-02-26,2020,plain,stated_assumption,Few substitutes for China goods,So the tariffs work as a clear tax,Few substitutes for China goods - So the tariffs work as a clear tax,,setser_feb_26_20,P3,"Do tariffs change the trade balance, and who absorbed the Q4 US demand drop?",,0,class,1,supports -> M1 (mechanism): Backdoor fiscal tightening slows consumption
2020-02-26,2020,plain,stated_assumption,Tariff uncertainty weighs on firms,Uncertainty can reduce investment,Tariff uncertainty weighs on firms - Uncertainty can reduce investment,,setser_feb_26_20,P4,"Do tariffs change the trade balance, and who absorbed the Q4 US demand drop?",,0,class,1,supports -> M2 (mechanism): Especially new business equipment
2020-03-31,2020,banner,stated_assumption,Stated assumption,"Shocks can offset one another; swap lines fund dollar balance sheets, not balance-of-payments gaps","Stated assumption - Shocks can offset one another; swap lines fund dollar balance sheets, not balance-of-payments gaps",,setser_mar_31_20,P1,"Not One Emerging Market Financial Crisis, but Many",,0,header,1,supports -> M1 (mechanism): · The same four shocks land very differently depending on the external balance sheet
2020-07-08,2020,banner,stated_assumption,Stated assumption,"Agriculture and energy flow through a few state firms, so purchases can be directed; manufacturing cannot","Stated assumption - Agriculture and energy flow through a few state firms, so purchases can be directed; manufacturing cannot",state-can-direct-purchases,setser_jul_8_20,P1,Slouching Toward Phase One,,0,header,1,supports -> M1 (mechanism): · There is no policy lever in manufacturing — import substitution continues and trade does not run through a few buyers
2024-03-10,2024,banner,stated_assumption,Stated assumption,Bilateral data misleads about global position — rerouting is not displacement,Stated assumption - Bilateral data misleads about global position — rerouting is not displacement,,setser_mar_10_24,P1,China's Record Manufacturing Surplus,,0,header,1,"licenses -> C1 (intermediate_claim): The counterpart to the surplus is the United States, not commodity exporters, and the gap keeps widening as a share of world GDP"
2024-08-14,2024,banner,stated_assumption,Stated assumption,The balance-of-payments surplus should exceed customs; a methodology change should net out,Stated assumption - The balance-of-payments surplus should exceed customs; a methodology change should net out,,setser_aug_14_24,P1,China's Imaginary Trade Data,,0,header,1,licenses -> C1 (intermediate_claim): It makes no economic sense; the offsetting adjustment is absent; the series cannot be replicated
2025-05-05,2025,banner,stated_assumption,Stated assumption,"Lerner symmetry holds — a tax on imports is a tax on exports, even without retaliation","Stated assumption - Lerner symmetry holds — a tax on imports is a tax on exports, even without retaliation",,setser_may_5_25,P1,Why Didn't Tariffs Push Up the U.S. Dollar?,,0,header,0,
2025-07-07,2025,meta,stated_assumption,Stated assumption,A large real estate crisis typically pushes a country to rely more on exports (standard economic theory),Stated assumption - A large real estate crisis typically pushes a country to rely more on exports (standard economic theory),,setser_2025-07-07_china-stealth-surplus,P1,China's Stealth Trade Surplus,https://www.cfr.org/articles/chinas-stealth-trade-surplus,0,header,1,"supports -> C1 (intermediate_claim): Current account comparisons based on balance of payments data make Europe, not China, look like the main source of imbalance"
2025-07-07,2025,meta,stated_assumption,Stated assumption,Customs goods data captures China's real imbalance better than balance of payments data,Stated assumption - Customs goods data captures China's real imbalance better than balance of payments data,,setser_2025-07-07_china-stealth-surplus,P2,China's Stealth Trade Surplus,https://www.cfr.org/articles/chinas-stealth-trade-surplus,0,header,2,"supports -> M1 (mechanism): An unexplained 2021 break in China's balance of payments goods series and an unexplained investment income deficit shrink China's reported current account | supports -> M2 (mechanism): U.S. multinationals in Ireland (Apple, pharmaceutical companies) inflate the EU's goods surplus and hide its investment income surplus"
2025-07-28,2025,meta,stated_assumption,Stated assumption,"China's trade war tools are industrial policy and a weak currency, not tariffs","Stated assumption - China's trade war tools are industrial policy and a weak currency, not tariffs",state-can-direct-purchases,setser_2025-07-28_china-eu-trade-war,P1,China is also Fighting a Trade War with Europe (and Winning),https://www.cfr.org/articles/china-also-fighting-trade-war-europe-and-winning,0,header,2,"supports -> M1 (mechanism): Competing local governments add subsidized capacity, which drives profits down and pushes output China cannot absorb into exports | supports -> M2 (mechanism): State banks keep the yuan weak; its fall against the euro has roughly offset the EU's 17 percent countervailing duty on BYD"
2025-07-28,2025,meta,stated_assumption,Stated assumption,"Chinese firms, private or state-linked, accept low returns on equity and build too much","Stated assumption - Chinese firms, private or state-linked, accept low returns on equity and build too much",,setser_2025-07-28_china-eu-trade-war,P2,China is also Fighting a Trade War with Europe (and Winning),https://www.cfr.org/articles/china-also-fighting-trade-war-europe-and-winning,0,header,1,"supports -> M1 (mechanism): Competing local governments add subsidized capacity, which drives profits down and pushes output China cannot absorb into exports"
2025-09-12,2025,meta,stated_assumption,Stated assumption,"A global tariff works like an exchange rate move: import elasticity of about 0.3 to 0.4, not the bilateral elasticity of about 2","Stated assumption - A global tariff works like an exchange rate move: import elasticity of about 0.3 to 0.4, not the bilateral elasticity of about 2",,setser_2025-09-12_trump-shock-that-wasnt,P1,The Trump Shock That Wasn't (At Least Not Yet),https://www.cfr.org/articles/trump-shock-wasnt-least-not-yet,0,header,1,supports -> M4 (mechanism): A 15 percent tariff times a 0.3 to 0.4 elasticity cuts imports 5 to 6 percent; non-oil imports fall from about 10 to 9.5 percent of GDP
2025-09-12,2025,meta,stated_assumption,Stated assumption,Record tariff revenue means Americans keep importing and paying the tariff,Stated assumption - Record tariff revenue means Americans keep importing and paying the tariff,,setser_2025-09-12_trump-shock-that-wasnt,P2,The Trump Shock That Wasn't (At Least Not Yet),https://www.cfr.org/articles/trump-shock-wasnt-least-not-yet,0,header,1,"supports -> C1 (intermediate_claim): Excluding pharmaceuticals and gold, U.S. imports are roughly on trend; the shock to trade rules far exceeds the shock to trade flows"
2025-11-12,2025,meta,stated_assumption,Stated assumption,The surplus stems from a shortfall in China's domestic demand (European Central Bank view),Stated assumption - The surplus stems from a shortfall in China's domestic demand (European Central Bank view),,setser_2025-11-12_china-surplus-imf,P1,China's Massive Surplus is Everywhere (Yet The IMF Still Has Trouble Seeing It Clearly),https://www.cfr.org/articles/chinas-massive-surplus-everywhere-yet-imf-still-has-trouble-seeing-it-clearly,0,header,1,"supports -> M1 (mechanism): Weak domestic demand leaves spare capacity for exports; rate cuts lower yields and weaken the yuan, widening the surplus"
2025-11-12,2025,meta,stated_assumption,Stated assumption,"Deflation combined with a rising trade surplus calls for sustained fiscal expansion, not monetary easing","Stated assumption - Deflation combined with a rising trade surplus calls for sustained fiscal expansion, not monetary easing",,setser_2025-11-12_china-surplus-imf,P2,China's Massive Surplus is Everywhere (Yet The IMF Still Has Trouble Seeing It Clearly),https://www.cfr.org/articles/chinas-massive-surplus-everywhere-yet-imf-still-has-trouble-seeing-it-clearly,0,header,1,supports -> K (main_claim): The IMF should recognize China's external imbalance and call for a fiscal expansion funded by the central government
2026-02-03,2026,meta,stated_assumption,Stated assumption,"Tariffs reduce the trade deficit only if their proceeds reduce the budget deficit, acting as a tax hike","Stated assumption - Tariffs reduce the trade deficit only if their proceeds reduce the budget deficit, acting as a tax hike",,setser_2026-02-03_october-2025-deficit,P1,Understanding the Low October 2025 Trade Deficit,https://www.cfr.org/articles/understanding-the-low-october-2025-trade-deficit,0,header,1,supports -> M4 (mechanism): Promised refund checks and pressure for more defense spending block a fiscal adjustment
2026-02-03,2026,meta,stated_assumption,Stated assumption,Remove pharmaceuticals and gold to read the underlying deficit,Stated assumption - Remove pharmaceuticals and gold to read the underlying deficit,,setser_2026-02-03_october-2025-deficit,P2,Understanding the Low October 2025 Trade Deficit,https://www.cfr.org/articles/understanding-the-low-october-2025-trade-deficit,0,header,1,supports -> M1 (mechanism): Fear of tariffs that never came drove pharmaceutical stockpiling and gold flowing out and back
2020-01-31,2020,banner,revised_prior,Revised prior,"""I was surprised by the size of China's impact... I thought U.S. soy would prove to be more of a pure commodity"" — and ""I don't think many expected"" reserves to stay stable","Revised prior - ""I was surprised by the size of China's impact... I thought U.S. soy would prove to be more of a pure commodity"" — and ""I don't think many expected"" reserves to stay stable",,setser_jan_31_20,P3,Lessons From Phase One of the Trade War With China,,0,header,1,revises -> P1 (stated_assumption): Industrial policy is non-negotiable; the state can direct commodity purchases
2020-03-31,2020,banner,revised_prior,Revised prior,"""contrary to a forecast that I made with Dr. Roubini back in 2005"" — private credit intermediation broke down before central banks lost their appetite for intervention","Revised prior - ""contrary to a forecast that I made with Dr. Roubini back in 2005"" — private credit intermediation broke down before central banks lost their appetite for intervention",,setser_mar_31_20,P3,"Not One Emerging Market Financial Crisis, but Many",,0,header,1,"revises -> P1 (stated_assumption): Shocks can offset one another; swap lines fund dollar balance sheets, not balance-of-payments gaps"
2025-05-05,2025,banner,revised_prior,Revised prior,"""the dollar's downturn was still a bit of a surprise"" — he counts himself among those caught out","Revised prior - ""the dollar's downturn was still a bit of a surprise"" — he counts himself among those caught out",,setser_may_5_25,P3,Why Didn't Tariffs Push Up the U.S. Dollar?,,0,header,1,"revises -> P1 (stated_assumption): Lerner symmetry holds — a tax on imports is a tax on exports, even without retaliation"
2024-03-10,2024,banner,accounting_identity,Accounting identity,"""A large manufacturing surplus requires an offsetting deficit in manufactures elsewhere"" — stated, and used to locate the counterpart","Accounting identity - ""A large manufacturing surplus requires an offsetting deficit in manufactures elsewhere"" — stated, and used to locate the counterpart",,setser_mar_10_24,ID,China's Record Manufacturing Surplus,,0,header,1,"licenses -> C1 (intermediate_claim): The counterpart to the surplus is the United States, not commodity exporters, and the gap keeps widening as a share of world GDP"
2020-01-31,2020,banner,source_credibility,Source credibility,"""Chinese data never quite fully lines up, which bothers me more than most""","Source credibility - ""Chinese data never quite fully lines up, which bothers me more than most""",,setser_jan_31_20,SC,Lessons From Phase One of the Trade War With China,,0,header,1,undercut_by -> E1 (evidence_data): Yuan -8% vs USD and -4% vs basket; Treasury holdings flat once Belgian accounts are counted; China is two-thirds of global soybean imports; U.S. beans traded at a discount to Brazil
2024-03-10,2024,banner,source_credibility,Source credibility,"The reported current account ""misleads"" — flagged, with the full case made in the August companion piece","Source credibility - The reported current account ""misleads"" — flagged, with the full case made in the August companion piece",,setser_mar_10_24,SC,China's Record Manufacturing Surplus,,0,header,1,supports -> E4 (evidence_discrepancy): Manufacturing surplus near 2% of world GDP against a reported current account of just 1.5% of China's own GDP
2024-08-14,2024,banner,source_credibility,Source credibility,"The methodology was already changed at a convenient moment in 2015, and backdated","Source credibility - The methodology was already changed at a convenient moment in 2015, and backdated",,setser_aug_14_24,SC,China's Imaginary Trade Data,,0,header,1,supports -> E4 (evidence_discrepancy): Gap explodes from 2022; BoP imports exceed customs imports for the first time in 2023
2020-07-08,2020,banner,scope_choice,Scope choice,Services excluded because in-China sales are not exports; aircraft adjusted out; only the listed HS codes counted,Scope choice - Services excluded because in-China sales are not exports; aircraft adjusted out; only the listed HS codes counted,,setser_jul_8_20,SCP,Slouching Toward Phase One,,0,header,1,"bounds -> BM (benchmark): The deal's own numbers — a 2017 baseline, roughly $60bn above it, a $164.65bn target across the codes in Annex 6.1"
2024-03-10,2024,banner,scope_choice,Scope choice,"SITC categories 5 through 9, the standard manufactures breakout, from the long UN Comtrade series","Scope choice - SITC categories 5 through 9, the standard manufactures breakout, from the long UN Comtrade series",,setser_mar_10_24,SCP,China's Record Manufacturing Surplus,,0,header,1,"bounds -> E1 (evidence_data): Surplus at ~2% of world GDP, above peak Japan and Germany; 80% of solar panels; 35% of manufacturing output against 15% of global output"
2020-07-08,2020,banner,benchmark,Benchmark,"The deal's own numbers — a 2017 baseline, roughly $60bn above it, a $164.65bn target across the codes in Annex 6.1","Benchmark - The deal's own numbers — a 2017 baseline, roughly $60bn above it, a $164.65bn target across the codes in Annex 6.1",,setser_jul_8_20,BM,Slouching Toward Phase One,,0,header,2,"bounds -> E1 (evidence_data): First-half pace implies ~$83bn, below the 2017 baseline of ~$101bn and even below 2019; energy at 7% of its target; 1m barrels a day at $40 still yields only $7.36bn | licenses -> C1 (intermediate_claim): Category by category: manufacturing will not close the gap, agriculture is behind but Q4 is still live, energy is effectively impossible"
