doc,family,date,node_id,type,level,header,concept,mechanism_kind,implicit_only,type_source,claim_type,text
setser_dec_15_17,plain,2017-12-15,Q,question,L0,"Why does the U.S. trade balance still matter,
even if deficits can accompany strong growth?",,,0,class,,"Why does the U.S. trade balance still matter,
even if deficits can accompany strong growth?"
setser_dec_15_17,plain,2017-12-15,P1,stated_assumption,L1,Net exports contribute to GDP growth,,,0,class,,Changes in exports and imports mechanically affect output growth
setser_dec_15_17,plain,2017-12-15,P2,stated_assumption,L1,Trade shapes employment composition,,,0,class,,Goods-producing sectors and regions are unevenly exposed
setser_dec_15_17,plain,2017-12-15,P3,stated_assumption,L1,Persistent deficits accumulate external debt,deficits-require-financing,,0,class,,Ongoing borrowing raises the net external debt stock
setser_dec_15_17,plain,2017-12-15,D1,evidence_data,L2,2014–16 net-export drag,,,0,class,,Net exports subtracted about 1.5pp from U.S. growth
setser_dec_15_17,plain,2017-12-15,D2,evidence_data,L2,Manufacturing employment varies with trade,,,0,class,,Surplus economies retain larger manufacturing job shares
setser_dec_15_17,plain,2017-12-15,D3,evidence_data,L2,Manufacturing balance did not drive adjustment,,,0,class,,Lower oil imports and offshore income reduced the current-account deficit
setser_dec_15_17,plain,2017-12-15,D4,evidence_data,L2,External debt rose from ~20% to ~50% of GDP,,,0,class,,Debt increased even as U.S. borrowing costs fell
setser_dec_15_17,plain,2017-12-15,D5,evidence_data,L2,Higher rates or wider deficits raise debt ratios,debt-dynamics-sensitive-to-rates,,0,class,,Either would weaken current favorable debt dynamics
setser_dec_15_17,plain,2017-12-15,D6,evidence_data,L2,Tax cuts could widen trade deficit,,,0,class,,Setser estimates roughly 0.3–0.5% of GDP over several years
setser_dec_15_17,plain,2017-12-15,M1,mechanism,L3,Trade deficits can drag on growth,,,0,class,,More demand leaks abroad through net imports
setser_dec_15_17,plain,2017-12-15,M2,mechanism,L3,Trade shifts where jobs are located,,,0,class,,Manufacturing deficits reduce employment in exposed sectors and regions
setser_dec_15_17,plain,2017-12-15,M3,mechanism,L3,Deficits build external debt,,,0,class,,Persistent borrowing plus higher interest costs raise the external debt burden
setser_dec_15_17,plain,2017-12-15,C1,intermediate_claim,L4,Trade changes the pace of growth,,,0,class,,"A stronger economy can coexist with a deficit, but net exports still affect realized GDP growth"
setser_dec_15_17,plain,2017-12-15,C2,intermediate_claim,L4,Trade changes the composition of employment,,,0,class,,Its effects are sectoral and regional even near full employment
setser_dec_15_17,plain,2017-12-15,C3,intermediate_claim,L4,Current debt stability is conditional,,,0,class,,"It depends on favorable growth, rates, and offshore income continuing"
setser_dec_15_17,plain,2017-12-15,K,main_claim,L5,Main claim: the trade balance remains worth watching,,,0,class,,"It contains information about growth, employment composition,
and long-run external debt sustainability"
setser_dec_15_17,plain,2017-12-15,X,opposing_view,L6,Opposing view,,,0,header,,A wider deficit can reflect stronger domestic demand rather than weakness
setser_dec_15_17,plain,2017-12-15,QF1,caveat,L6,Measurement caveat,,,0,l6_keyword,,Monthly trade data are noisy and should be read as a time series
setser_dec_15_17,plain,2017-12-15,QF2,caveat,L6,Employment caveat,,,0,l6_keyword,,"Near full employment, trade changes job distribution more than total employment"
setser_dec_15_17,plain,2017-12-15,R1,caveat,L6,Debt caveat,,,0,l6_keyword,,The U.S. can sustain more external debt than most because of the dollar's global role
setser_feb_15_18,plain,2018-02-15,Q,question,L0,"Will Trump's fiscal expansion undermine
his goal of reducing the U.S. trade deficit?",,,0,class,,"Will Trump's fiscal expansion undermine
his goal of reducing the U.S. trade deficit?"
setser_feb_15_18,plain,2018-02-15,P1,stated_assumption,L1,Fiscal stimulus raises domestic demand,,,0,class,,Tax cuts and spending increases boost U.S. demand
setser_feb_15_18,plain,2018-02-15,P2,stated_assumption,L1,Imports respond strongly to U.S. demand,,,0,class,,Fed model: import income elasticity around 2
setser_feb_15_18,plain,2018-02-15,P3,stated_assumption,L1,Exchange-rate effects arrive with lags,,,0,class,,Dollar moves take years to fully affect trade
setser_feb_15_18,plain,2018-02-15,D1,evidence_data,L2,Fiscal deficit +1.7–2% of GDP,,,0,class,,Tax cuts and spending increases provide a large fiscal impulse
setser_feb_15_18,plain,2018-02-15,D2,evidence_data,L2,IMF external-balance coefficient,,,0,class,,Simple model implies current-account deficit rises about 1% of GDP
setser_feb_15_18,plain,2018-02-15,D3,evidence_data,L2,Q4 2017 demand surge leaked into imports,,,0,class,,Over half of the increase in domestic demand was spent abroad
setser_feb_15_18,plain,2018-02-15,D4,evidence_data,L2,U.S. external debt ≈ 50% of GDP,debt-dynamics-sensitive-to-rates,,0,class,,Higher rates mechanically increase payments to foreign creditors
setser_feb_15_18,plain,2018-02-15,D5,evidence_data,L2,Foreign currencies strengthening,,,0,class,,Euro and several Asian currencies were moving against the dollar
setser_feb_15_18,plain,2018-02-15,D6,evidence_data,L2,Setser's Fed-model calculation,,,0,class,,Fiscal impulse adds roughly 50bp of GDP in imports over two years
setser_feb_15_18,plain,2018-02-15,M1,mechanism,L3,Stimulus raises imports,,,0,class,,Stronger U.S. demand spills into foreign production
setser_feb_15_18,plain,2018-02-15,M2,mechanism,L3,Higher rates raise external interest costs,,,0,class,,More income flows abroad on the U.S. debt stock
setser_feb_15_18,plain,2018-02-15,M3,mechanism,L3,Dollar depreciation improves trade slowly,,,0,class,,Exports rise and imports soften only after substantial lags
setser_feb_15_18,plain,2018-02-15,C1,intermediate_claim,L4,Fiscal expansion widens the real trade deficit,,,0,class,,Import growth accelerates relative to the baseline
setser_feb_15_18,plain,2018-02-15,C2,intermediate_claim,L4,Income channel worsens the current account,,,0,class,,Higher interest payments add to the external deficit
setser_feb_15_18,plain,2018-02-15,C3,intermediate_claim,L4,Favorable adjustment forces arrive too slowly,,,0,class,,Foreign growth and a softer dollar cannot offset the near-term impulse
setser_feb_15_18,plain,2018-02-15,K,main_claim,L5,Main claim: the tax bill sets back Trump's trade goals,,,0,class,,"U.S. fiscal stimulus boosts imports just as conditions
were emerging for the trade deficit to improve"
setser_feb_15_18,plain,2018-02-15,X,opposing_view,L6,Smaller-spillover argument,,,0,l6_keyword,,The U.S. is relatively closed and much of the tax cut may be saved
setser_feb_15_18,plain,2018-02-15,QF,caveat,L6,Model uncertainty,,,0,l6_keyword,,Historical income elasticities and trade relationships may not hold perfectly
setser_feb_15_18,plain,2018-02-15,R1,counterpoint,L6,Offsetting adjustment forces,,,0,class,,Dollar depreciation and stronger foreign demand can improve U.S. trade
setser_jun_4_18,plain,2018-06-04,Q,question,L0,"Could global macro shocks overwhelm trade deals
and push the U.S. trade deficit higher?",,,0,class,,"Could global macro shocks overwhelm trade deals
and push the U.S. trade deficit higher?"
setser_jun_4_18,plain,2018-06-04,P1,stated_assumption,L1,Trade balances are macroeconomic,,,0,class,,"They reflect demand, fiscal policy, currencies, and external adjustment—not just trade deals"
setser_jun_4_18,plain,2018-06-04,P2,stated_assumption,L1,U.S. fiscal stimulus needs foreign demand,,,0,class,,The deficit rises unless stronger U.S. demand is matched abroad
setser_jun_4_18,plain,2018-06-04,P3,stated_assumption,L1,Weak demand encourages export-led adjustment,,,0,class,,Countries under pressure often rely on weaker currencies and exports
setser_jun_4_18,plain,2018-06-04,D1,evidence_data,L2,Argentina and Turkey must adjust,,,0,class,,Large external deficits mean weaker domestic demand and less global demand growth
setser_jun_4_18,plain,2018-06-04,D2,evidence_data,L2,2014–15 precedent,,,0,class,,EM weakness coincided with slower global trade and a larger U.S. non-oil deficit
setser_jun_4_18,plain,2018-06-04,D3,evidence_data,L2,Italy/eurozone risk,,,0,class,,Financial and political stress could weaken the euro
setser_jun_4_18,plain,2018-06-04,D4,evidence_data,L2,China is tightening,,,0,class,,Domestic weakness plus dollar strength could create depreciation pressure
setser_jun_4_18,plain,2018-06-04,D5,evidence_data,L2,Japan faces fiscal tightening,,,0,class,,Consumption-tax hikes have historically weakened domestic demand
setser_jun_4_18,plain,2018-06-04,D6,evidence_data,L2,2017 was unusually favorable,,,0,class,,"Europe, China, Japan, and EM demand all supported the global environment"
setser_jun_4_18,plain,2018-06-04,M1,mechanism,L3,Foreign adjustment weakens demand,,,0,class,,Lower domestic spending abroad reduces demand for imports
setser_jun_4_18,plain,2018-06-04,M2,mechanism,L3,Weaker foreign currencies strengthen the dollar,,,0,class,,Dollar strength hurts U.S. trade competitiveness
setser_jun_4_18,plain,2018-06-04,M3,mechanism,L3,Demand divergence widens the U.S. deficit,,,0,class,,Strong U.S. demand plus weak foreign demand raises net imports
setser_jun_4_18,plain,2018-06-04,C1,intermediate_claim,L4,EM adjustment reduces global demand support,,,0,class,,Foreign economies contribute less to import growth
setser_jun_4_18,plain,2018-06-04,C2,intermediate_claim,L4,Euro and Asian weakness could lift the dollar,,,0,class,,Currency shifts reinforce pressure on U.S. trade
setser_jun_4_18,plain,2018-06-04,C3,intermediate_claim,L4,The 2017 macro constellation may be ending,,,0,class,,Foreign demand may no longer offset U.S. fiscal expansion
setser_jun_4_18,plain,2018-06-04,K,main_claim,L5,Main claim: macro shocks could overpower trade deals,,,0,class,,"The U.S. trade deficit could rise even if the administration
secures new trade agreements"
setser_jun_4_18,plain,2018-06-04,X,caveat,L6,Scale caveat,,,0,l6_keyword,,Argentina and Turkey are individually too small to drive the full outcome
setser_jun_4_18,plain,2018-06-04,QF,caveat,L6,Path uncertainty,,,0,l6_keyword,,Italy and China's eventual adjustments are not predetermined
setser_jun_4_18,plain,2018-06-04,R1,counterpoint,L6,Offsetting scenario,,,0,class,,Strong foreign demand could still counterbalance U.S. fiscal stimulus
setser_may_2_19,plain,2019-05-02,Q,question,L0,"If U.S.-China trade tensions escalate,
will China keep the yuan stable or let it weaken?",,,0,class,,"If U.S.-China trade tensions escalate,
will China keep the yuan stable or let it weaken?"
setser_may_2_19,plain,2019-05-02,P1,stated_assumption,L1,China controls the yuan,,,0,class,,"Reserves, capital controls, and policy tools give Beijing substantial exchange-rate control"
setser_may_2_19,plain,2019-05-02,P2,stated_assumption,L1,Depreciation offsets tariffs,,,0,class,,A weaker yuan lets exporters lower dollar prices while preserving yuan revenue
setser_may_2_19,plain,2019-05-02,P3,stated_assumption,L1,Stability has value,,,0,class,,A stable currency supports confidence and reduces financial risk
setser_may_2_19,plain,2019-05-02,D1,evidence_data,L2,Full tariffs would be substantial,,,0,class,,25% on nearly $550B of imports could raise roughly $100–140B
setser_may_2_19,plain,2019-05-02,D2,evidence_data,L2,Large potential China growth hit,,,0,class,,UBS: full tariffs plus retaliation could cut growth by about 1.5pp
setser_may_2_19,plain,2019-05-02,D3,evidence_data,L2,Recent yuan stability required little intervention,,,0,class,,No sustained pressure in either direction
setser_may_2_19,plain,2019-05-02,D4,evidence_data,L2,China retains external firepower,,,0,class,,"Large reserves, state-bank foreign assets, and portfolio inflows"
setser_may_2_19,plain,2019-05-02,D5,evidence_data,L2,Balance of payments broadly stable,,,0,class,,Trade surplus covers major outflows without sustained reserve pressure
setser_may_2_19,plain,2019-05-02,D6,evidence_data,L2,Manufacturing surplus ~ $1T,,,0,class,,Further export-oriented adjustment would matter globally
setser_may_2_19,plain,2019-05-02,M1,mechanism,L3,Tariffs weaken Chinese export demand,,,0,class,,Higher U.S. import costs reduce competitiveness and growth
setser_may_2_19,plain,2019-05-02,M2,mechanism,L3,Depreciation cushions exporters,,,0,class,,A weaker yuan offsets part of the tariff in dollar terms
setser_may_2_19,plain,2019-05-02,M3,mechanism,L3,Stability protects domestic confidence,,,0,class,,Avoiding a large currency move limits financial instability
setser_may_2_19,plain,2019-05-02,M4,mechanism,L3,Yuan weakness spreads outward,,,0,class,,Other Asian currencies weaken and trade pressure shifts globally
setser_may_2_19,plain,2019-05-02,C1,intermediate_claim,L4,China has a genuine policy choice,,,0,class,,It is not mechanically forced into depreciation
setser_may_2_19,plain,2019-05-02,C2,intermediate_claim,L4,Depreciation can absorb part of the tariff shock,,,0,class,,Exporters can preserve competitiveness
setser_may_2_19,plain,2019-05-02,C3,intermediate_claim,L4,But depreciation carries domestic and strategic costs,,,0,class,,It risks instability and additional U.S. retaliation
setser_may_2_19,plain,2019-05-02,C4,intermediate_claim,L4,A weaker yuan redistributes trade pain,,,0,class,,Export-dependent economies outside China also come under pressure
setser_may_2_19,plain,2019-05-02,K,main_claim,L5,Main claim: China's currency response is a strategic choice,,,0,class,,"Beijing can defend stability or reset the yuan lower;
its decision will shape the global impact of the trade war"
setser_may_2_19,plain,2019-05-02,X,counterpoint,L6,Case for stability,,,0,class,,China can support growth fiscally without risking a destabilizing currency move
setser_may_2_19,plain,2019-05-02,QF,caveat,L6,Implementation caveat,,,0,l6_keyword,,Controlled depreciations are difficult because markets may front-run them
setser_may_2_19,plain,2019-05-02,R1,caveat,L6,Retaliation risk,,,0,l6_keyword,,A weaker yuan could trigger broader or higher U.S. tariffs
setser_may_2_19,plain,2019-05-02,R2,caveat,L6,External-balance caveat,,,0,l6_keyword,,Tariffs and oil prices could push China toward current-account deficit
setser_may_10_19,plain,2019-05-10,Q,question,L0,"If U.S.-China trade tensions escalate,
will China keep the yuan stable or let it weaken?",,,0,class,,"If U.S.-China trade tensions escalate,
will China keep the yuan stable or let it weaken?"
setser_may_10_19,plain,2019-05-10,P1,stated_assumption,L1,China controls the yuan,,,0,class,,"Reserves, capital controls, and policy tools give Beijing substantial exchange-rate control"
setser_may_10_19,plain,2019-05-10,P2,stated_assumption,L1,Depreciation offsets tariffs,,,0,class,,A weaker yuan lets exporters lower dollar prices while preserving yuan revenue
setser_may_10_19,plain,2019-05-10,P3,stated_assumption,L1,Stability has value,,,0,class,,A stable currency supports confidence and reduces financial risk
setser_may_10_19,plain,2019-05-10,D1,evidence_data,L2,Full tariffs would be substantial,,,0,class,,25% on nearly $550B of imports could raise roughly $100–140B
setser_may_10_19,plain,2019-05-10,D2,evidence_data,L2,Large potential China growth hit,,,0,class,,UBS: full tariffs plus retaliation could cut growth by about 1.5pp
setser_may_10_19,plain,2019-05-10,D3,evidence_data,L2,Recent yuan stability required little intervention,,,0,class,,No sustained pressure in either direction
setser_may_10_19,plain,2019-05-10,D4,evidence_data,L2,China retains external firepower,,,0,class,,"Large reserves, state-bank foreign assets, and portfolio inflows"
setser_may_10_19,plain,2019-05-10,D5,evidence_data,L2,Balance of payments broadly stable,,,0,class,,Trade surplus covers major outflows without sustained reserve pressure
setser_may_10_19,plain,2019-05-10,D6,evidence_data,L2,Manufacturing surplus ~ $1T,,,0,class,,Further export-oriented adjustment would matter globally
setser_may_10_19,plain,2019-05-10,M1,mechanism,L3,Tariffs weaken Chinese export demand,,,0,class,,Higher U.S. import costs reduce competitiveness and growth
setser_may_10_19,plain,2019-05-10,M2,mechanism,L3,Depreciation cushions exporters,,,0,class,,A weaker yuan offsets part of the tariff in dollar terms
setser_may_10_19,plain,2019-05-10,M3,mechanism,L3,Stability protects domestic confidence,,,0,class,,Avoiding a large currency move limits financial instability
setser_may_10_19,plain,2019-05-10,M4,mechanism,L3,Yuan weakness spreads outward,,,0,class,,Other Asian currencies weaken and trade pressure shifts globally
setser_may_10_19,plain,2019-05-10,C1,intermediate_claim,L4,China has a genuine policy choice,,,0,class,,It is not mechanically forced into depreciation
setser_may_10_19,plain,2019-05-10,C2,intermediate_claim,L4,Depreciation can absorb part of the tariff shock,,,0,class,,Exporters can preserve competitiveness
setser_may_10_19,plain,2019-05-10,C3,intermediate_claim,L4,But depreciation carries domestic and strategic costs,,,0,class,,It risks instability and additional U.S. retaliation
setser_may_10_19,plain,2019-05-10,C4,intermediate_claim,L4,A weaker yuan redistributes trade pain,,,0,class,,Export-dependent economies outside China also come under pressure
setser_may_10_19,plain,2019-05-10,K,main_claim,L5,Main claim: China's currency response is a strategic choice,,,0,class,,"Beijing can defend stability or reset the yuan lower;
its decision will shape the global impact of the trade war"
setser_may_10_19,plain,2019-05-10,X,counterpoint,L6,Case for stability,,,0,class,,China can support growth fiscally without risking a destabilizing currency move
setser_may_10_19,plain,2019-05-10,QF,caveat,L6,Implementation caveat,,,0,l6_keyword,,Controlled depreciations are difficult because markets may front-run them
setser_may_10_19,plain,2019-05-10,R1,caveat,L6,Retaliation risk,,,0,l6_keyword,,A weaker yuan could trigger broader or higher U.S. tariffs
setser_may_10_19,plain,2019-05-10,R2,caveat,L6,External-balance caveat,,,0,l6_keyword,,Tariffs and oil prices could push China toward current-account deficit
setser_jun_14_19,plain,2019-06-14,Q,question,L0,"Why did China's tariffs devastate some U.S. exports
but have limited effects on others?",,,0,class,,"Why did China's tariffs devastate some U.S. exports
but have limited effects on others?"
setser_jun_14_19,plain,2019-06-14,P1,stated_assumption,L1,Tariff effects are sector-specific,,,0,class,,Substitution and market structure determine the aggregate impact
setser_jun_14_19,plain,2019-06-14,P2,stated_assumption,L1,Bilateral trade ≠ total trade,,,0,class,,Lost sales to China may be redirected elsewhere
setser_jun_14_19,plain,2019-06-14,P3,stated_assumption,L1,Retaliation requires viable substitutes,,,0,class,,China cannot easily stop buying essential imports
setser_jun_14_19,plain,2019-06-14,D1,evidence_data,L2,Commodity exports to China down >60%,,,0,class,,Much larger decline than manufacturing exports
setser_jun_14_19,plain,2019-06-14,D2,evidence_data,L2,Soy exports effectively collapsed,,,0,class,,Farmers could not replace lost Chinese demand elsewhere
setser_jun_14_19,plain,2019-06-14,D3,evidence_data,L2,Oil exports to China collapsed,,,0,class,,But total U.S. oil exports were largely unaffected
setser_jun_14_19,plain,2019-06-14,D4,evidence_data,L2,Auto exports responded to the tariff,,,0,class,,"Exports fell, then rebounded when China suspended it"
setser_jun_14_19,plain,2019-06-14,D5,evidence_data,L2,Manufacturing decline surprisingly modest,,,0,class,,Aggregate exports show little obvious tariff break
setser_jun_14_19,plain,2019-06-14,D6,evidence_data,L2,China lacks substitutes in some sectors,,,0,class,,Aircraft and export-related inputs are poor retaliation targets
setser_jun_14_19,plain,2019-06-14,M1,mechanism,L3,Few alternative buyers magnify the shock,,,0,class,,Lost Chinese demand becomes lost total exports
setser_jun_14_19,plain,2019-06-14,M2,mechanism,L3,Alternative buyers divert trade,,,0,class,,Sales shift markets without reducing total exports
setser_jun_14_19,plain,2019-06-14,M3,mechanism,L3,Lack of substitutes weakens retaliation,,,0,class,,Chinese firms continue buying needed U.S. goods
setser_jun_14_19,plain,2019-06-14,M4,mechanism,L3,Other demand can absorb export losses,,,0,class,,Domestic sales or localization cushion production
setser_jun_14_19,plain,2019-06-14,C1,intermediate_claim,L4,Soy retaliation was unusually effective,,,0,class,,Bilateral losses became aggregate export losses
setser_jun_14_19,plain,2019-06-14,C2,intermediate_claim,L4,Oil retaliation mostly redirected trade,,,0,class,,Bilateral trade fell without much aggregate effect
setser_jun_14_19,plain,2019-06-14,C3,intermediate_claim,L4,Manufacturing retaliation was weaker,,,0,class,,China had limited leverage in several key sectors
setser_jun_14_19,plain,2019-06-14,C4,intermediate_claim,L4,Identical tariffs need not have identical effects,,,0,class,,Sector structure changes the transmission
setser_jun_14_19,plain,2019-06-14,K,main_claim,L5,Main claim: don't equate bilateral trade with aggregate impact,,,0,class,,"The economic effect of tariffs depends heavily
on substitution possibilities and sector structure"
setser_jun_14_19,plain,2019-06-14,QF1,caveat,L6,Coverage caveat,,,0,l6_keyword,,China had not tariffed all major U.S. manufacturing exports
setser_jun_14_19,plain,2019-06-14,QF2,caveat,L6,Timing caveat,,,0,l6_keyword,,China may have preserved targets for future retaliation
setser_jun_14_19,plain,2019-06-14,R1,counterpoint,L6,Auto counterfactual,,,0,class,,SUV demand and production localization also affected output
setser_aug_13_19,plain,2019-08-13,Q,question,L0,"Why do the U.S., Europe, and China now occupy
such different positions in manufacturing trade?",,,0,class,,"Why do the U.S., Europe, and China now occupy
such different positions in manufacturing trade?"
setser_aug_13_19,plain,2019-08-13,P1,stated_assumption,L1,Trade shares reveal production structure,,,0,class,,Exports and imports relative to GDP show how economies engage globally
setser_aug_13_19,plain,2019-08-13,P2,stated_assumption,L1,Manufacturing balances reflect where production occurs,,,0,class,,Not simply how open an economy is
setser_aug_13_19,plain,2019-08-13,P3,stated_assumption,L1,Persistent deficits require financing,deficits-require-financing,,0,class,,Import bills must ultimately be covered by income or borrowing
setser_aug_13_19,plain,2019-08-13,D1,evidence_data,L2,U.S. manufacturing exports are unusually low,,,0,class,,About one-third of the euro area's level relative to GDP
setser_aug_13_19,plain,2019-08-13,D2,evidence_data,L2,Manufacturing imports are similar,,,0,class,,U.S. and euro-area import shares are broadly comparable
setser_aug_13_19,plain,2019-08-13,D3,evidence_data,L2,Mirror-image manufacturing balances,,,0,class,,U.S. deficit ~4–5% of GDP; euro-area surplus ~4%
setser_aug_13_19,plain,2019-08-13,D4,evidence_data,L2,Offshore profits exceed the service-export story,,,0,class,,Foreign corporate earnings help finance the U.S. deficit
setser_aug_13_19,plain,2019-08-13,D5,evidence_data,L2,Europe is highly export dependent,,,0,class,,Leaving it exposed to the global manufacturing downturn
setser_aug_13_19,plain,2019-08-13,D6,evidence_data,L2,China's manufacturing trade is highly unbalanced,,,0,class,,Surplus ~7% of GDP; non-processing imports ~4%
setser_aug_13_19,plain,2019-08-13,M1,mechanism,L3,Offshoring weakens domestic exports,,,0,class,,"'Design here, make abroad' shifts manufacturing production overseas"
setser_aug_13_19,plain,2019-08-13,M2,mechanism,L3,Offshore profits finance goods deficits,,,0,class,,Foreign earnings offset part of the manufacturing import bill
setser_aug_13_19,plain,2019-08-13,M3,mechanism,L3,Export dependence transmits global weakness,,,0,class,,Manufacturing downturns hit Europe especially hard
setser_aug_13_19,plain,2019-08-13,M4,mechanism,L3,Low imports + high exports generate surplus,,,0,class,,China sells far more manufactures abroad than it buys
setser_aug_13_19,plain,2019-08-13,C1,intermediate_claim,L4,The U.S.-Europe gap is mainly an export gap,,,0,class,,U.S. imports are not unusually high relative to Europe
setser_aug_13_19,plain,2019-08-13,C2,intermediate_claim,L4,U.S. globalization favored offshore profits,,,0,class,,More than domestically produced manufacturing exports
setser_aug_13_19,plain,2019-08-13,C3,intermediate_claim,L4,Europe's strength creates cyclical exposure,,,0,class,,Its export model is vulnerable when global manufacturing slows
setser_aug_13_19,plain,2019-08-13,C4,intermediate_claim,L4,China's manufacturing model is unusually one-sided,,,0,class,,Large exports coexist with relatively small manufactured imports
setser_aug_13_19,plain,2019-08-13,K1,main_claim,L5,Long-run U.S. claim,,,0,class,,The U.S. may need to rebuild a stronger manufacturing base rather than finance imports indefinitely
setser_aug_13_19,plain,2019-08-13,K2,main_claim,L5,Comparative claim,,,0,class,,"Europe and China remain far more manufacturing-oriented,
but with very different import structures"
setser_aug_13_19,plain,2019-08-13,X,other_explanation,L6,Services explanation,,,0,l6_keyword,,Some attribute the U.S. goods deficit to comparative advantage in services
setser_aug_13_19,plain,2019-08-13,R1,other_explanation,L6,Resource-endowment explanation,,,0,l6_keyword,,The shale boom reduces the need to export manufactures to pay for oil
setser_aug_13_19,plain,2019-08-13,QF,caveat,L6,Comparison caveat,,,0,l6_keyword,,Processing trade makes Europe-China comparisons imperfect
setser_aug_13_19,plain,2019-08-13,R2,caveat,L6,Short-run tradeoff,,,0,l6_keyword,,Europe's export strength also makes it vulnerable to industrial downturns
setser_sep_20_19,plain,2019-09-20,Q,question,L0,"Why do global trade imbalances persist,
and why could they worsen before improving?",,,0,class,,"Why do global trade imbalances persist,
and why could they worsen before improving?"
setser_sep_20_19,plain,2019-09-20,P1,stated_assumption,L1,Global surpluses require matching deficits,,,0,class,,"If large economies save externally, another economy must absorb the surplus"
setser_sep_20_19,plain,2019-09-20,P2,stated_assumption,L1,Fiscal policy shapes external balances,,,0,class,,Weak domestic demand tends to reduce imports and raise surpluses
setser_sep_20_19,plain,2019-09-20,P3,stated_assumption,L1,Excess saving generates surplus pressure,,,0,class,,Saving above domestic investment pushes capital and demand abroad
setser_sep_20_19,plain,2019-09-20,D1,evidence_data,L2,Europe and East Asia run large surpluses,,,0,class,,Together they roughly mirror the U.S. manufacturing deficit
setser_sep_20_19,plain,2019-09-20,D2,evidence_data,L2,Europe remains fiscally tight,,,0,class,,Germany and other surplus economies run restrictive demand policies
setser_sep_20_19,plain,2019-09-20,D3,evidence_data,L2,Asian surplus economies restrain demand/currencies,,,0,class,,"Korea, Taiwan, Singapore, and Thailand remain export oriented"
setser_sep_20_19,plain,2019-09-20,D4,evidence_data,L2,China has a surplus despite huge fiscal support,,,0,class,,Current account ~$200–250B with augmented deficit near 12% of GDP
setser_sep_20_19,plain,2019-09-20,D5,evidence_data,L2,China still saves ~44% of GDP,,,0,class,,East Asian aggregate saving remains close to 40%
setser_sep_20_19,plain,2019-09-20,D6,evidence_data,L2,China's imports weakened in 2019,,,0,class,,Modest stimulus failed to offset tightening and the trade war
setser_sep_20_19,plain,2019-09-20,D7,evidence_data,L2,U.S. net external debt ~45% of GDP,,,0,class,,Large relative to the country's limited export base
setser_sep_20_19,plain,2019-09-20,M1,mechanism,L3,Fiscal restraint suppresses domestic demand,,,0,class,,Lower imports and excess saving generate European surpluses
setser_sep_20_19,plain,2019-09-20,M2,mechanism,L3,Structural high saving generates surplus pressure,,,0,class,,China saves more than its economy can sustainably absorb
setser_sep_20_19,plain,2019-09-20,M3,mechanism,L3,Weak investment and imports raise China's surplus,,,0,class,,Less domestic absorption pushes the external balance upward
setser_sep_20_19,plain,2019-09-20,M4,mechanism,L3,Foreign surpluses require deficit absorption,,,0,class,,North America takes the other side through external deficits and debt
setser_sep_20_19,plain,2019-09-20,C1,intermediate_claim,L4,Europe's imbalance is mainly a demand problem,,,0,class,,Looser fiscal policy could directly raise domestic absorption
setser_sep_20_19,plain,2019-09-20,C2,intermediate_claim,L4,East Asia's imbalance is structurally harder,,,0,class,,China's underlying problem is exceptionally high saving
setser_sep_20_19,plain,2019-09-20,C3,intermediate_claim,L4,China's current adjustment is fragile,,,0,class,,Large public investment prevents an even larger external surplus
setser_sep_20_19,plain,2019-09-20,C4,intermediate_claim,L4,The U.S. cannot absorb surpluses forever,,,0,class,,Its external debt stock is already large relative to exports
setser_sep_20_19,plain,2019-09-20,K,main_claim,L5,Main claim: global imbalances could worsen first,,,0,class,,"Europe still lacks demand and China's excess-saving problem remains;
the U.S. cannot indefinitely absorb the resulting surpluses"
setser_sep_20_19,plain,2019-09-20,X,other_explanation,L6,U.S.-adjustment alternative,,,0,l6_keyword,,Tighter U.S. fiscal policy would also reduce the American trade deficit
setser_sep_20_19,plain,2019-09-20,R1,counterpoint,L6,Japan exception,,,0,class,,Japan runs a surplus despite relatively loose fiscal policy
setser_sep_20_19,plain,2019-09-20,QF1,caveat,L6,U.S. sustainability caveat,,,0,l6_keyword,,The current flow deficit is not obviously unsustainable today
setser_sep_20_19,plain,2019-09-20,QF2,caveat,L6,China adjustment caveat,,,0,l6_keyword,,Fiscal and credit stimulus currently absorbs much of China's excess saving
setser_jan_31_20,banner,2020-01-31,Q,question,L0,Question,,,0,header,,"How did China choose to respond to tariff pressure, and what does that reveal about managed trade?"
setser_jan_31_20,banner,2020-01-31,P1,stated_assumption,L1,Stated assumption,state-can-direct-purchases,,0,header,,Industrial policy is non-negotiable; the state can direct commodity purchases
setser_jan_31_20,banner,2020-01-31,P2,hidden_assumption,L1,Hidden assumption,,,0,header,,The capacity to deliver purchases is the same capacity that can withdraw them
setser_jan_31_20,banner,2020-01-31,P3,revised_prior,L1,Revised prior,,,0,header,,"""I was surprised by the size of China's impact... I thought U.S. soy would prove to be more of a pure commodity"" — and ""I don't think many expected"" reserves to stay stable"
setser_jan_31_20,banner,2020-01-31,SC,source_credibility,L1,Source credibility,,,0,header,,"""Chinese data never quite fully lines up, which bothers me more than most"""
setser_jan_31_20,banner,2020-01-31,E1,evidence_data,L2,Data,,,0,header,,Yuan -8% vs USD and -4% vs basket; Treasury holdings flat once Belgian accounts are counted; China is two-thirds of global soybean imports; U.S. beans traded at a discount to Brazil
setser_jan_31_20,banner,2020-01-31,E2,evidence_source,L2,Studies & sources,,,0,header,,His own Senate testimony; Toloui on balance-sheet policy; the Economist on managed trade
setser_jan_31_20,banner,2020-01-31,M1,mechanism,L3,Mechanism A,,economic,0,header,,"·
Outflow controls and the absence of carry-trade leverage prevented a 2015-style panic"
setser_jan_31_20,banner,2020-01-31,M2,mechanism,L3,Mechanism B,,economic,0,header,,"·
Treasuries carry no leverage — if China pushed yields up, the Fed would simply react"
setser_jan_31_20,banner,2020-01-31,C1,intermediate_claim,L4,Intermediate claim,,,0,header,,"Five parallel verdicts: industrial policy untouched, currency buffered, Treasuries unused, manufactures spared, ag and energy targeted"
setser_jan_31_20,banner,2020-01-31,K,main_claim,L5,Main claim,,,0,header,single,"·
China can meet its 2020 commitments — and that is precisely the risk.
""What China's state gives, China's state can take away"""
setser_jan_31_20,banner,2020-01-31,X,opposing_view,L6,Opposing view,,,0,header,,"Both approaches carry costs — managed trade rewards diversion away from allies, while the conventional approach changed little in 2010-11"
setser_jan_31_20,banner,2020-01-31,QF,caveat,L6,Caveat,,,0,header,,"Tech decoupling will not bite in 2020: Boeing's own problems, no indigenous jet engines, semiconductors too early"
setser_jan_31_20,banner,2020-01-31,R1,other_explanation,L6,Other explanation,,,0,header,,"Why were manufactures spared? ""I am not quite sure why this is the case"" — two theories offered, neither chosen"
setser_feb_26_20,plain,2020-02-26,Q,question,L0,"Do tariffs change the trade balance,
and who absorbed the Q4 US demand drop?",,,0,class,,"Do tariffs change the trade balance,
and who absorbed the Q4 US demand drop?"
setser_feb_26_20,plain,2020-02-26,P2,stated_assumption,L1,Tariff revenue is not offset,,,0,class,,Trade scholars assume it is; Setser says not necessarily
setser_feb_26_20,plain,2020-02-26,P3,stated_assumption,L1,Few substitutes for China goods,,,0,class,,So the tariffs work as a clear tax
setser_feb_26_20,plain,2020-02-26,P1,hidden_assumption,L1,Trade balance = saving − investment,,,0,class,,"Never stated, but the argument depends on it"
setser_feb_26_20,plain,2020-02-26,P4,stated_assumption,L1,Tariff uncertainty weighs on firms,,,0,class,,Uncertainty can reduce investment
setser_feb_26_20,plain,2020-02-26,D1,evidence_data,L2,Tariff revenue ~$30B → ~$80B a year,,,0,class,,~15% average tariff on $500B+ of China imports
setser_feb_26_20,plain,2020-02-26,D2,evidence_data,L2,Fajgelbaum et al.,,,0,class,,Govt captures 35bp of the 60bp GDP consumers lose
setser_feb_26_20,plain,2020-02-26,D3,evidence_data,L2,Bussière et al. + chart,,,0,class,,Investment slowdowns lead to import slowdowns
setser_feb_26_20,plain,2020-02-26,D4,evidence_data,L2,Q4 imports weak,,,0,class,,"Consumer goods, autos, capital goods all soft"
setser_feb_26_20,plain,2020-02-26,D5,evidence_data,L2,Vietnam exports to US +$17.5B,,,0,class,,Far short of the fall in China imports
setser_feb_26_20,plain,2020-02-26,M1,mechanism,L3,Tariffs act as a consumption tax,,,0,class,,Backdoor fiscal tightening slows consumption
setser_feb_26_20,plain,2020-02-26,M2,mechanism,L3,Uncertainty cuts capex,,,0,class,,Especially new business equipment
setser_feb_26_20,plain,2020-02-26,M3,mechanism,L3,Lower capex → lower imports,,,0,class,,Weaker investment means fewer imported goods
setser_feb_26_20,plain,2020-02-26,C1,intermediate_claim,L4,Tariffs cut the deficit by slowing growth,,,0,class,,Not the argument Trump makes for them
setser_feb_26_20,plain,2020-02-26,C2,intermediate_claim,L4,Diversion no longer offsets China,,,0,class,,Imports from other countries stopped making up the gap
setser_feb_26_20,plain,2020-02-26,K,main_claim,L5,Main claim: the US demand shock was exported,,,0,class,,"Setser: ""the weakening of U.S. demand was felt globally,
rather than in the United States""
US GDP held because services demand stayed strong"
setser_feb_26_20,plain,2020-02-26,X,counterpoint,L6,"Consensus: tariffs move level, not balance",,,0,class,,Setser admits he glossed over this too
setser_feb_26_20,plain,2020-02-26,QF,counterpoint,L6,COVID confound,,,0,class,,Blip or persistent trend? Too early to tell
setser_feb_26_20,plain,2020-02-26,R1,counterpoint,L6,Rival causes of weak capex,,,0,class,,"Strong dollar, 2018 Fed hikes, shale cutbacks"
setser_mar_31_20,banner,2020-03-31,Q,question,L0,Question,,,0,header,,Emerging economies face the same shocks — do they need the same response?
setser_mar_31_20,banner,2020-03-31,P1,stated_assumption,L1,Stated assumption,,,0,header,,"Shocks can offset one another; swap lines fund dollar balance sheets, not balance-of-payments gaps"
setser_mar_31_20,banner,2020-03-31,P2,hidden_assumption,L1,Hidden assumption,,,0,header,,The external balance sheet is the right thing to sort countries by
setser_mar_31_20,banner,2020-03-31,P3,revised_prior,L1,Revised prior,,,0,header,,"""contrary to a forecast that I made with Dr. Roubini back in 2005"" — private credit intermediation broke down before central banks lost their appetite for intervention"
setser_mar_31_20,banner,2020-03-31,E1,evidence_data,L2,Data,,,0,header,,"Brent under $25, below almost every exporter's breakeven; Saudi reserves ~$500bn; GCC sovereign funds over $1tn; copper at multiyear lows"
setser_mar_31_20,banner,2020-03-31,E2,evidence_source,L2,Studies & sources,,,0,header,,"Truman on IMF lending capacity; Landers, Lee and Morris on callable capital; Hagan and Buchheit on maturity extension; Carstens and the BIS on trade finance"
setser_mar_31_20,banner,2020-03-31,M1,mechanism,L3,Mechanism A,,economic,0,header,,"·
The same four shocks land very differently depending on the external balance sheet"
setser_mar_31_20,banner,2020-03-31,M2,mechanism,L3,Mechanism B,,economic,0,header,,"·
Swap lines solve dollar funding, but were never designed to cover a balance-of-payments shortfall"
setser_mar_31_20,banner,2020-03-31,C1,intermediate_claim,L4,Intermediate claim,,,0,header,,Countries with strong external balance sheets can weather this themselves if they act decisively
setser_mar_31_20,banner,2020-03-31,C2,case_type,L4,Case type,,,0,header,,"Three types — reserve-rich commodity exporters, Asian surplus creditors, weak external balance sheets — and the last splits again into trade finance and balance-of-payments need"
setser_mar_31_20,banner,2020-03-31,K,main_claim,L5,Main claim,,,0,header,typology,"·
""Different problems require different solutions"" — when private capital retreats, the official sector must advance"
setser_mar_31_20,banner,2020-03-31,REC,recommendation,L5,Recommendation,,,0,header,,"Draw down buffers; central bank backstop plus swap lines; mobilise trade finance; SDR allocation, larger IMF capacity, MDB callable capital, payment deferral"
setser_mar_31_20,banner,2020-03-31,X,opposing_view,L6,Opposing view,,,0,header,,"Private creditors would rather be paid — ""this will take goodwill"""
setser_mar_31_20,banner,2020-03-31,QF,caveat,L6,Caveat,,,0,header,,"SDRs are allocated by quota rather than need, so they are insufficient alone; MDB capital would need legislation"
setser_jul_8_20,banner,2020-07-08,Q,question,L0,Question,,,0,header,,Is China on track to meet its Phase One purchase commitments?
setser_jul_8_20,banner,2020-07-08,P1,stated_assumption,L1,Stated assumption,state-can-direct-purchases,,0,header,,"Agriculture and energy flow through a few state firms, so purchases can be directed; manufacturing cannot"
setser_jul_8_20,banner,2020-07-08,P2,hidden_assumption,L1,Hidden assumption,,,0,header,,A deal with numerical targets may be judged on those targets alone
setser_jul_8_20,banner,2020-07-08,BM,benchmark,L1B,Benchmark,,,0,header,,"The deal's own numbers — a 2017 baseline, roughly $60bn above it, a $164.65bn target across the codes in Annex 6.1"
setser_jul_8_20,banner,2020-07-08,SCP,scope_choice,L1B,Scope choice,,,0,header,,Services excluded because in-China sales are not exports; aircraft adjusted out; only the listed HS codes counted
setser_jul_8_20,banner,2020-07-08,E1,evidence_data,L2,Data,,,0,header,,"First-half pace implies ~$83bn, below the 2017 baseline of ~$101bn and even below 2019; energy at 7% of its target; 1m barrels a day at $40 still yields only $7.36bn"
setser_jul_8_20,banner,2020-07-08,E2,evidence_source,L2,Studies & sources,,,0,header,,PIIE purchase tracker; Reuters on crude loadings; S&P Global on cancelled LNG cargoes; IMF growth forecast
setser_jul_8_20,banner,2020-07-08,M1,mechanism,L3,Mechanism A,,economic,0,header,,"·
There is no policy lever in manufacturing — import substitution continues and trade does not run through a few buyers"
setser_jul_8_20,banner,2020-07-08,M2,mechanism,L3,Mechanism B,,economic,0,header,,"·
Seasonality blocks catch-up, and because targets are nominal a commodity price crash widens the gap without any change in volume"
setser_jul_8_20,banner,2020-07-08,C1,intermediate_claim,L4,Intermediate claim,,,0,header,,"Category by category: manufacturing will not close the gap, agriculture is behind but Q4 is still live, energy is effectively impossible"
setser_jul_8_20,banner,2020-07-08,K,main_claim,L5,Main claim,,,0,header,single,"·
The deal is failing on its own terms — insisting on impressive numbers made the shortfall easy to demonstrate"
setser_jul_8_20,banner,2020-07-08,X,opposing_view,L6,Opposing view,,,0,header,,"Raised up front and rebutted: ""the purchase commitments themselves were a mistake"" and ""COVID-19 changed everything"". A barrier-removal deal might have worked — but would not have produced a big number"
setser_jul_8_20,banner,2020-07-08,QF,caveat,L6,Caveat,,,0,header,,"Agriculture could still deliver in Q4, which creates a real cost to abandoning the deal now"
setser_jul_8_20,banner,2020-07-08,R1,other_explanation,L6,Other explanation,,,0,header,,"The aircraft collapse is exogenous — the largest category fell with the 737 MAX grounding, not with the deal"
setser_mar_10_24,banner,2024-03-10,Q,question,L0,Question,,,0,header,,"Is China's centrality to global manufacturing really declining, as the fragmentation narrative suggests?"
setser_mar_10_24,banner,2024-03-10,P1,stated_assumption,L1,Stated assumption,,,0,header,,Bilateral data misleads about global position — rerouting is not displacement
setser_mar_10_24,banner,2024-03-10,P2,hidden_assumption,L1,Hidden assumption,,,0,header,,A correctly measured imbalance ought to drive policy
setser_mar_10_24,banner,2024-03-10,ID,accounting_identity,L1,Accounting identity,,,0,header,,"""A large manufacturing surplus requires an offsetting deficit in manufactures elsewhere"" — stated, and used to locate the counterpart"
setser_mar_10_24,banner,2024-03-10,SC,source_credibility,L1,Source credibility,,,0,header,,"The reported current account ""misleads"" — flagged, with the full case made in the August companion piece"
setser_mar_10_24,banner,2024-03-10,SCP,scope_choice,L1B,Scope choice,,,0,header,,"SITC categories 5 through 9, the standard manufactures breakout, from the long UN Comtrade series"
setser_mar_10_24,banner,2024-03-10,E1,evidence_data,L2,Data,,,0,header,,"Surplus at ~2% of world GDP, above peak Japan and Germany; 80% of solar panels; 35% of manufacturing output against 15% of global output"
setser_mar_10_24,banner,2024-03-10,E2,evidence_source,L2,Studies & sources,,,0,header,,Baldwin on sole manufacturing superpower; Pettis on production giant and consumption pygmy; Bown on the tariff timeline; OECD value-added data
setser_mar_10_24,banner,2024-03-10,E4,evidence_discrepancy,L2,Discrepancy,,,0,header,,Manufacturing surplus near 2% of world GDP against a reported current account of just 1.5% of China's own GDP
setser_mar_10_24,banner,2024-03-10,M1,mechanism,L3,Mechanism A,,economic,0,header,,"·
Policy, not only comparative advantage — resistance to consumer stimulus and a thin safety net sustain a savings surplus"
setser_mar_10_24,banner,2024-03-10,M2,mechanism,L3,Mechanism B,,economic,0,header,,"·
Upgrading is the stated growth plan, so advanced manufacturing capacity keeps expanding"
setser_mar_10_24,banner,2024-03-10,C1,intermediate_claim,L4,Intermediate claim,,,0,header,,"The counterpart to the surplus is the United States, not commodity exporters, and the gap keeps widening as a share of world GDP"
setser_mar_10_24,banner,2024-03-10,C3,policy_reductio,L4,Policy reductio,,,0,header,,"Take the IMF's own advice — consolidate 7.5pp of GDP, cut rates, loosen the currency — run it through IMF-derived econometrics, and the current account rises about 4pp of China's GDP. The cure enlarges the disease."
setser_mar_10_24,banner,2024-03-10,K,main_claim,L5,Main claim,,,0,header,single,"·
The imbalance is large, growing and mismeasured — it shows up everywhere except in the reported current account and in the IMF's analysis"
setser_mar_10_24,banner,2024-03-10,REC,recommendation,L5,Recommendation,,,0,header,,"The size of the imbalance, correctly measured, must be factored into Chinese policymaking and into external policy advice"
setser_mar_10_24,banner,2024-03-10,X,opposing_view,L6,Opposing view,,,0,header,,The standard view that the post-crisis fall in China's current account means external imbalances are no longer pressing
setser_mar_10_24,banner,2024-03-10,QF,caveat,L6,Caveat,,,0,header,,Specialisation does partly reflect a large population and limited resources; the comprehensive data also lags and misses the 2020-2022 surge
setser_aug_14_24,banner,2024-08-14,Q,question,L0,Question,,,0,header,,"Why does the reported current account diverge from the customs surplus, and which is right?"
setser_aug_14_24,banner,2024-08-14,P1,stated_assumption,L1,Stated assumption,,,0,header,,The balance-of-payments surplus should exceed customs; a methodology change should net out
setser_aug_14_24,banner,2024-08-14,P2,hidden_assumption,L1,Hidden assumption,,,0,header,,"Customs data is ground truth — never argued for, the whole case rests on it"
setser_aug_14_24,banner,2024-08-14,SC,source_credibility,L1,Source credibility,,,0,header,,"The methodology was already changed at a convenient moment in 2015, and backdated"
setser_aug_14_24,banner,2024-08-14,E1,evidence_data,L2,Data,,,0,header,,Reported current account ~$150bn below expectation in Q2
setser_aug_14_24,banner,2024-08-14,E2,evidence_source,L2,Studies & sources,,,0,header,,IMF Article IV Appendix VII; consistent with Adam Wolf's work
setser_aug_14_24,banner,2024-08-14,E3,evidence_rival,L2,Rival measurement,,,0,header,,The customs goods series against the balance-of-payments goods series
setser_aug_14_24,banner,2024-08-14,E4,evidence_discrepancy,L2,Discrepancy,,,0,header,,Gap explodes from 2022; BoP imports exceed customs imports for the first time in 2023
setser_aug_14_24,banner,2024-08-14,M1,mechanism,L3,Mechanism A,,distortion,0,header,,"·
""Factoryless"" manufacturing — a sale to a non-resident is booked as an export though the goods never leave China"
setser_aug_14_24,banner,2024-08-14,M2,mechanism,L3,Mechanism B,,distortion,0,header,,"·
Compilers switched from customs data to direct enterprise reporting in 2022"
setser_aug_14_24,banner,2024-08-14,C1,intermediate_claim,L4,Intermediate claim,,,0,header,,It makes no economic sense; the offsetting adjustment is absent; the series cannot be replicated
setser_aug_14_24,banner,2024-08-14,K,main_claim,L5,Main claim,,,0,header,single,"·
The reported surplus is an artifact of a methodology change"
setser_aug_14_24,banner,2024-08-14,RC,reconstruction,L5,Reconstruction,,,0,header,,"Goods surplus understated by ~$300bn, over 1.5pp of GDP; true current account surplus close to $700bn — use the customs data"
setser_aug_14_24,banner,2024-08-14,REC,recommendation,L5,Recommendation,,,1,header,,implied only — stop using the reported series
setser_aug_14_24,banner,2024-08-14,X,opposing_view,L6,Opposing view,,,0,header,,Analysts and the IMF read the post-2021 decline as real
setser_aug_14_24,banner,2024-08-14,QF,caveat,L6,Caveat,,,0,header,,"The income line carries no detail, so this cannot be checked from outside"
setser_aug_14_24,banner,2024-08-14,DF,deferred_question,L6,Deferred question,,,0,header,,"The interest income anomaly is set aside ""for a future blog"""
setser_may_5_25,banner,2025-05-05,Q,question,L0,Question,,,0,header,,Why didn't tariffs push up the dollar?
setser_may_5_25,banner,2025-05-05,ANOM,anomaly,L0,Anomaly,,,0,header,,"Treasury, the CEA, conventional analysts and markets all expected appreciation. The dollar fell about 10% against the G10."
setser_may_5_25,banner,2025-05-05,POS,position_map,L0,Position map,,,0,header,,Bessent at roughly 4% appreciation per 10% of tariffs; Miran expecting a rise; Lerner symmetry in the textbooks; going long the dollar as the standard post-election trade
setser_may_5_25,banner,2025-05-05,P1,stated_assumption,L1,Stated assumption,,,0,header,,"Lerner symmetry holds — a tax on imports is a tax on exports, even without retaliation"
setser_may_5_25,banner,2025-05-05,P2,hidden_assumption,L1,Hidden assumption,,,0,header,,"Tariffs leave capital flows untouched, demand for U.S. assets is constant, and trading partners will not change their own policies"
setser_may_5_25,banner,2025-05-05,P3,revised_prior,L1,Revised prior,,,0,header,,"""the dollar's downturn was still a bit of a surprise"" — he counts himself among those caught out"
setser_may_5_25,banner,2025-05-05,E1,evidence_data,L2,Data,,,0,header,,"Dollar down ~10% against the G10; a $400-550 imported phone now carries $40-110 of tariff; CNY 7.2, KRW 1400, JPY 140; 55% of China's formal reserves still in dollars"
setser_may_5_25,banner,2025-05-05,E2,evidence_source,L2,Studies & sources,,,0,header,,The Miran paper; IMF working paper on Lerner symmetry; SAFE 2023 annual report; Aitken on the ageing exceptionalism trade
setser_may_5_25,banner,2025-05-05,M1,mechanism,L3,Mechanism A,,economic,0,header,,"·
Five channels at once — tariffs as fiscal tightening, recession risk hitting equities, China declining to let the yuan slide, Europe's fiscal turn, and a risk premium from treating allies as adversaries"
setser_may_5_25,banner,2025-05-05,M2,mechanism,L3,Mechanism B,,economic,0,header,,"·
The dollar was priced for perfection: the flow equilibrium needed ever-larger inflows at ever-higher valuations"
setser_may_5_25,banner,2025-05-05,C1,intermediate_claim,L4,Intermediate claim,,,0,header,,Each of the five channels is plausible and none is decisive on its own
setser_may_5_25,banner,2025-05-05,K,main_claim,L5,Main claim,,,0,header,unresolved,"·
""In a sense, the dollar's recent weakness is over-determined"" — he declines to choose"
setser_may_5_25,banner,2025-05-05,X,opposing_view,L6,Opposing view,,,0,header,,The consensus he started from — that tariffs mechanically lift the dollar
setser_may_5_25,banner,2025-05-05,QF,caveat,L6,Caveat,,,0,header,,The dollar is still strong by most measures; claims about the end of its reign are exaggerated
setser_may_5_25,banner,2025-05-05,R1,other_explanation,L6,Other explanation,,,0,header,,"The five theories function as rivals to each other, and he keeps all of them live"
setser_may_5_25,banner,2025-05-05,DF,deferred_question,L6,Deferred question,,,0,header,,"The Taiwan test — how much appreciation will its central bank tolerate, and how would Treasury respond to one-sided intervention? ""This story isn't over."""
setser_2025-07-07_china-stealth-surplus,meta,2025-07-07,Q,question,L0,Question,,,0,header,,Why does China's surplus look small in IMF imbalance data when trade flows show it is huge?
setser_2025-07-07_china-stealth-surplus,meta,2025-07-07,P1,stated_assumption,L1,Stated assumption,,,0,header,,A large real estate crisis typically pushes a country to rely more on exports (standard economic theory)
setser_2025-07-07_china-stealth-surplus,meta,2025-07-07,P2,stated_assumption,L1,Stated assumption,,,0,header,,Customs goods data captures China's real imbalance better than balance of payments data
setser_2025-07-07_china-stealth-surplus,meta,2025-07-07,P3,hidden_assumption,L1,Hidden assumption,,,0,header,,Opaque official statistics that no one can replicate deserve less trust than physical trade flows
setser_2025-07-07_china-stealth-surplus,meta,2025-07-07,E1,evidence_data,L2,Data,,,0,header,,"China's 2024 current account surplus about $430 billion (just over 2 percent of GDP) versus the EU's $500 billion; goods and services surplus about $650 billion versus the EU's $620 billion; about $4 trillion in net interest-paying foreign assets, yet an investment income deficit of $150 to 200 billion; Chinese customs data show about $400 per phone; net vehicle exports above 6 million"
setser_2025-07-07_china-stealth-surplus,meta,2025-07-07,E2,evidence_source,L2,Studies and sources,,,0,header,,IMF 2024 Article IV report; China's State Administration of Foreign Exchange argument about Apple; European Central Bank (Philip Lane) analysis of Ireland; Kenneth Rogoff in the IMF's Finance and Development
setser_2025-07-07_china-stealth-surplus,meta,2025-07-07,M1,mechanism,L3,China understated,bop-understates-china-surplus,,0,class,,An unexplained 2021 break in China's balance of payments goods series and an unexplained investment income deficit shrink China's reported current account
setser_2025-07-07_china-stealth-surplus,meta,2025-07-07,M2,mechanism,L3,EU overstated,,,0,class,,"U.S. multinationals in Ireland (Apple, pharmaceutical companies) inflate the EU's goods surplus and hide its investment income surplus"
setser_2025-07-07_china-stealth-surplus,meta,2025-07-07,C1,intermediate_claim,L4,Intermediate claim,,,0,header,,"Current account comparisons based on balance of payments data make Europe, not China, look like the main source of imbalance"
setser_2025-07-07_china-stealth-surplus,meta,2025-07-07,K,main_claim,L5,Main claim,,,0,header,,The real imbalance is in China; the IMF and G7 should focus there
setser_2025-07-07_china-stealth-surplus,meta,2025-07-07,X,opposing_view,L6,Opposing view,,,0,header,,"The IMF and analysts using comprehensive goods and services data, who see the EU as the biggest contributor"
setser_2025-07-07_china-stealth-surplus,meta,2025-07-07,QF,caveat,L6,Caveat,,,0,header,,"Balance of payments adjustments may or may not be more accurate, and some are legitimate (insurance and freight, Airbus)"
setser_2025-07-07_china-stealth-surplus,meta,2025-07-07,R1,other_explanation,L6,Other explanation,,,0,header,,"China's services deficit, mostly travel, genuinely reduces its surplus"
setser_2025-07-28_china-eu-trade-war,meta,2025-07-28,Q,question,L0,Question,,,0,header,,"Why is Europe losing ground to China in trade, and what should it do about it?"
setser_2025-07-28_china-eu-trade-war,meta,2025-07-28,P1,stated_assumption,L1,Stated assumption,state-can-direct-purchases,,0,header,,"China's trade war tools are industrial policy and a weak currency, not tariffs"
setser_2025-07-28_china-eu-trade-war,meta,2025-07-28,P2,stated_assumption,L1,Stated assumption,,,0,header,,"Chinese firms, private or state-linked, accept low returns on equity and build too much"
setser_2025-07-28_china-eu-trade-war,meta,2025-07-28,P3,hidden_assumption,L1,Hidden assumption,,,0,header,,A trading partner's surplus drains demand from your economy; manufacturing capacity has strategic value beyond its profits
setser_2025-07-28_china-eu-trade-war,meta,2025-07-28,E1,evidence_data,L2,Data,,,0,header,,European exports to China down about 0.5 percentage points of European GDP; EU trade deficit with China set to double between 2020 and 2025; European auto exports to China on track for about $10 billion by 2027; Chinese electric vehicle exports at a 3 million annual pace in the second quarter; net exports added about 2 percentage points to Chinese growth over four quarters; yuan weaker against the euro
setser_2025-07-28_china-eu-trade-war,meta,2025-07-28,E2,evidence_source,L2,Studies and sources,,,0,header,,"Centre for European Reform brief on German industry; Financial Times, New York Times and Wall Street Journal sector reporting; Adam Tooze; German customs data"
setser_2025-07-28_china-eu-trade-war,meta,2025-07-28,M1,mechanism,L3,Overcapacity,,,0,class,,"Competing local governments add subsidized capacity, which drives profits down and pushes output China cannot absorb into exports"
setser_2025-07-28_china-eu-trade-war,meta,2025-07-28,M2,mechanism,L3,Weak currency,,,0,class,,State banks keep the yuan weak; its fall against the euro has roughly offset the EU's 17 percent countervailing duty on BYD
setser_2025-07-28_china-eu-trade-war,meta,2025-07-28,C1,intermediate_claim,L4,Intermediate claim,,,0,header,,"The second China shock is eroding Europe's core export sectors and is large enough to matter for the whole economy, especially Germany's stagnation"
setser_2025-07-28_china-eu-trade-war,meta,2025-07-28,K,main_claim,L5,Main claim,,,0,header,,"China is winning a trade war with Europe; Europe needs a counter-industrial policy, broader tariffs on Chinese autos and new pressure for the yuan to rise"
setser_2025-07-28_china-eu-trade-war,meta,2025-07-28,X,opposing_view,L6,Opposing view,,,0,header,,Europe's inadequate response so far; Trump-style tariffs or commodity purchase deals as the fix
setser_2025-07-28_china-eu-trade-war,meta,2025-07-28,QF,caveat,L6,Caveat,,,0,header,,"The United States is still importing, which limits the damage, but American firms will not absorb tariff costs much longer"
setser_2025-07-28_china-eu-trade-war,meta,2025-07-28,R1,other_explanation,L6,Other explanation,,,0,header,,China's long-standing tariff walls (25 percent on autos) also helped build the sector
setser_2025-09-12_trump-shock-that-wasnt,meta,2025-09-12,Q,question,L0,Question,,,0,header,,Have Trump's tariffs actually shocked trade flows and the global economy?
setser_2025-09-12_trump-shock-that-wasnt,meta,2025-09-12,P1,stated_assumption,L1,Stated assumption,,,0,header,,"A global tariff works like an exchange rate move: import elasticity of about 0.3 to 0.4, not the bilateral elasticity of about 2"
setser_2025-09-12_trump-shock-that-wasnt,meta,2025-09-12,P2,stated_assumption,L1,Stated assumption,,,0,header,,Record tariff revenue means Americans keep importing and paying the tariff
setser_2025-09-12_trump-shock-that-wasnt,meta,2025-09-12,P3,hidden_assumption,L1,Hidden assumption,,,0,header,,"Tax- and finance-driven flows (pharmaceuticals, gold) are noise; core trade is the real signal"
setser_2025-09-12_trump-shock-that-wasnt,meta,2025-09-12,E1,evidence_data,L2,Data,,,0,header,,"Annualized trade deficit peaked at $2 trillion in March, fell to $1 trillion, then rebounded to $1.2 trillion in July; imports from Taiwan up over 50 percent year to date; first-term tariffs cut affected trade about 30 percent, and about 50 percent for goods tariffed at 25 percent; high-frequency global trade measures have not slowed"
setser_2025-09-12_trump-shock-that-wasnt,meta,2025-09-12,E2,evidence_source,L2,Studies and sources,,,0,header,,New York Times reporting; U.S. trade data; federal court ruling on tariff authority
setser_2025-09-12_trump-shock-that-wasnt,meta,2025-09-12,M1,mechanism,L3,Front-running,,,0,class,,Pharmaceutical stockpiling (distorted by tax) and gold flows drive the headline swings
setser_2025-09-12_trump-shock-that-wasnt,meta,2025-09-12,M2,mechanism,L3,Trade diversion,,,0,class,,Imports shift from China to Taiwan and Southeast Asia as final assembly relocates
setser_2025-09-12_trump-shock-that-wasnt,meta,2025-09-12,M3,mechanism,L3,Artificial intelligence investment,,,0,class,,The data center buildout pushes electronics imports up
setser_2025-09-12_trump-shock-that-wasnt,meta,2025-09-12,M4,mechanism,L3,Elasticity math,,,0,class,,A 15 percent tariff times a 0.3 to 0.4 elasticity cuts imports 5 to 6 percent; non-oil imports fall from about 10 to 9.5 percent of GDP
setser_2025-09-12_trump-shock-that-wasnt,meta,2025-09-12,C1,intermediate_claim,L4,Intermediate claim,,,0,header,,"Excluding pharmaceuticals and gold, U.S. imports are roughly on trend; the shock to trade rules far exceeds the shock to trade flows"
setser_2025-09-12_trump-shock-that-wasnt,meta,2025-09-12,K,main_claim,L5,Main claim,,,0,header,,"The Trump shock to trade flows has not happened yet, though a modest impact should appear"
setser_2025-09-12_trump-shock-that-wasnt,meta,2025-09-12,X,opposing_view,L6,Opposing view,,,0,header,,Reading headline volatility as tariffs crushing trade
setser_2025-09-12_trump-shock-that-wasnt,meta,2025-09-12,QF,caveat,L6,Caveat,,,0,header,,August deals doubled tariffs on Southeast Asia relative to April; fall data may show more impact; the tariffs' legality is unresolved
setser_2025-09-12_trump-shock-that-wasnt,meta,2025-09-12,R1,other_explanation,L6,Other explanation,,,0,header,,Waiting for tariff relief (autos) replaces front-running; other exporters can take U.S. market share abroad
setser_2025-11-12_china-surplus-imf,meta,2025-11-12,Q,question,L0,Question,,,0,header,,"How big is China's surplus really, why does the IMF miss it, and what policy should follow?"
setser_2025-11-12_china-surplus-imf,meta,2025-11-12,P1,stated_assumption,L1,Stated assumption,,,0,header,,The surplus stems from a shortfall in China's domestic demand (European Central Bank view)
setser_2025-11-12_china-surplus-imf,meta,2025-11-12,P2,stated_assumption,L1,Stated assumption,,,0,header,,"Deflation combined with a rising trade surplus calls for sustained fiscal expansion, not monetary easing"
setser_2025-11-12_china-surplus-imf,meta,2025-11-12,P3,hidden_assumption,L1,Hidden assumption,,,0,header,,External balance is a legitimate policy target; exporting your way out of a slump imposes costs on other countries
setser_2025-11-12_china-surplus-imf,meta,2025-11-12,E1,evidence_data,L2,Data,,,0,header,,"Export volumes up 40 percent since end-2019 versus imports up 1 percent; manufactured goods surplus over $2 trillion (about 10.5 percent of GDP); goods surplus $1.2 trillion; car exports over 6 million, heading toward 8 million in 2026; current account surplus 2.2 percent of GDP versus the EU's 2.6 percent; IMF forecast a 2025 surplus of $375 billion, while the actual tops $650 billion through the third quarter"
setser_2025-11-12_china-surplus-imf,meta,2025-11-12,E2,evidence_source,L2,Studies and sources,,,0,header,,"IMF External Sector Report 2025, October World Economic Outlook and 2024 Article IV report; European Central Bank analysis; Netherlands Bureau for Economic Policy Analysis export volume data; Microsoft annual report"
setser_2025-11-12_china-surplus-imf,meta,2025-11-12,M1,mechanism,L3,Demand shortfall,,,0,class,,"Weak domestic demand leaves spare capacity for exports; rate cuts lower yields and weaken the yuan, widening the surplus"
setser_2025-11-12_china-surplus-imf,meta,2025-11-12,M2,mechanism,L3,Mismeasurement,bop-understates-china-surplus,,0,class,,The 2022 balance of payments methodology and the unexplained income deficit each cut about 1 percentage point of GDP from the reported current account surplus
setser_2025-11-12_china-surplus-imf,meta,2025-11-12,M3,mechanism,L3,IMF lens,,,0,class,,"Relying only on the reported current account frames China's problem as purely internal, so the IMF prescribes monetary easing"
setser_2025-11-12_china-surplus-imf,meta,2025-11-12,C1,intermediate_claim,L4,Intermediate claim,,,0,header,,"China's surplus is massive and growing, yet IMF policy advice effectively lets China export its way out of its housing slump"
setser_2025-11-12_china-surplus-imf,meta,2025-11-12,K,main_claim,L5,Main claim,,,0,header,,The IMF should recognize China's external imbalance and call for a fiscal expansion funded by the central government
setser_2025-11-12_china-surplus-imf,meta,2025-11-12,X,opposing_view,L6,Opposing view,,,0,header,,The IMF's framing; the argument that Europe's surplus is almost as big
setser_2025-11-12_china-surplus-imf,meta,2025-11-12,QF,caveat,L6,Caveat,,,0,header,,China's GDP data are too thin to confirm the net export math; the IMF does support pro-consumption structural reforms
setser_2025-11-12_china-surplus-imf,meta,2025-11-12,R1,other_explanation,L6,Other explanation,,,0,header,,Ireland distorts European data; IMF forecast misses come from ignoring lagged exchange rate effects and treating the pandemic surge as temporary
setser_2026-02-03_october-2025-deficit,meta,2026-02-03,Q,question,L0,Question,,,0,header,,Does the low October 2025 trade deficit mean the tariffs are working?
setser_2026-02-03_october-2025-deficit,meta,2026-02-03,P1,stated_assumption,L1,Stated assumption,,,0,header,,"Tariffs reduce the trade deficit only if their proceeds reduce the budget deficit, acting as a tax hike"
setser_2026-02-03_october-2025-deficit,meta,2026-02-03,P2,stated_assumption,L1,Stated assumption,,,0,header,,Remove pharmaceuticals and gold to read the underlying deficit
setser_2026-02-03_october-2025-deficit,meta,2026-02-03,P3,hidden_assumption,L1,Hidden assumption,,,0,header,,The trade balance is a macroeconomic savings-investment outcome; inventory swings reverse over time
setser_2026-02-03_october-2025-deficit,meta,2026-02-03,E1,evidence_data,L2,Data,,,0,header,,"October's drop came entirely from pharmaceuticals and gold; excluding them, October's deficit was slightly bigger than September's; August to October deficits below 2024, but early 2025 far above; imports of autos and household durable goods down; imports of semiconductors and computers up"
setser_2026-02-03_october-2025-deficit,meta,2026-02-03,E2,evidence_source,L2,Studies and sources,,,0,header,,U.S. trade data; Section 232 semiconductor investigation
setser_2026-02-03_october-2025-deficit,meta,2026-02-03,M1,mechanism,L3,Tariff fears,,,0,class,,Fear of tariffs that never came drove pharmaceutical stockpiling and gold flowing out and back
setser_2026-02-03_october-2025-deficit,meta,2026-02-03,M2,mechanism,L3,Inventory drawdown,,,0,class,,"Stockpiles built ahead of tariffs temporarily depress imports, and stockpiles run out"
setser_2026-02-03_october-2025-deficit,meta,2026-02-03,M3,mechanism,L3,Untariffed artificial intelligence investment,,,0,class,,The data center buildout keeps semiconductor and computer imports rising
setser_2026-02-03_october-2025-deficit,meta,2026-02-03,M4,mechanism,L3,Fiscal channel,,,0,class,,Promised refund checks and pressure for more defense spending block a fiscal adjustment
setser_2026-02-03_october-2025-deficit,meta,2026-02-03,C1,intermediate_claim,L4,Intermediate claim,,,0,header,,"Tariffs reduce imports in specific categories, but the overall deficit is driven by untariffed goods and stockpile timing"
setser_2026-02-03_october-2025-deficit,meta,2026-02-03,K,main_claim,L5,Main claim,,,0,header,,"No: the low October deficit is not evidence the tariffs work, and a significant fall in the 2025 deficit is unlikely"
setser_2026-02-03_october-2025-deficit,meta,2026-02-03,X,opposing_view,L6,Opposing view,,,0,header,,Trump's trade team claiming success from smaller deficits than in the same months of 2024
setser_2026-02-03_october-2025-deficit,meta,2026-02-03,QF,caveat,L6,Caveat,,,0,header,,Tariffed categories really are falling; watch whether imports rebound once stockpiles are exhausted
setser_2026-02-03_october-2025-deficit,meta,2026-02-03,R1,other_explanation,L6,Other explanation,,,0,header,,Auto imports fell along with auto sales: weaker demand rather than more U.S. production
