slug,date_label,year,owner,title,url
trumps-tax-success-expense-his-trade-agenda,Feb 2018,2018,makenna,Trump's Tax Success Is at the Expense of His Trade Agenda,https://www.cfr.org/articles/trumps-tax-success-expense-his-trade-agenda
trade-deals-or-macroeconomic-shocks,June 2018,2018,makenna,Trade Deals or Macroeconomic Shocks?,https://www.cfr.org/articles/trade-deals-or-macroeconomic-shocks
why-trade-balance-still-matters,June 2018,2018,makenna,Why Trade Balance Still Matters,https://www.cfr.org/articles/why-trade-balance-still-matters
what-difference-week-or-weekend-makes,Aug 2018,2018,makenna,What a Difference a Week-or a Weekend-Makes,https://www.cfr.org/articles/what-difference-week-or-weekend-makes
china-never-stopped-managing-its-trade,May 2019,2019,makenna,China Never Stopped Managing Its Trade,https://www.cfr.org/articles/china-never-stopped-managing-its-trade
tale-two-tariffs-chinas-so-far-ineffective-tariffs-us-manufacturing-exports,June 2019,2019,makenna,A Tale of Two Tariffs: China's So-Far Ineffective Tariffs on U.S. Manufacturing Exports,https://www.cfr.org/articles/tale-two-tariffs-chinas-so-far-ineffective-tariffs-us-manufacturing-exports
when-it-comes-exporting-manufactures-europe-now-one-mars,Aug 2019,2019,makenna,When It Comes to Exporting Manufactures Europe Is Now the One from Mars,https://www.cfr.org/articles/when-it-comes-exporting-manufactures-europe-now-one-mars
why-global-trade-imbalances-could-get-worse-they-get-better,Sept 2019,2019,makenna,Why Global Trade Imbalances Could Get Worse Before They Get Better,https://www.cfr.org/articles/why-global-trade-imbalances-could-get-worse-they-get-better
lessons-phase-one-trade-war-china,Jan 2020,2020,sicheng,Lessons From Phase One of the Trade War With China,https://www.cfr.org/articles/lessons-phase-one-trade-war-china
us-shock-global-demand-q4-coronavirus,Feb 2020,2020,sicheng,The U.S. Shock to Global Demand in Q4,https://www.cfr.org/articles/us-shock-global-demand-q4-coronavirus
not-one-emerging-market-financial-crisis-many,March 2020,2020,sicheng,Not One Emerging Market Financial Crisis but Many,https://www.cfr.org/articles/not-one-emerging-market-financial-crisis-many
slouching-toward-phase-one,July 2020,2020,sicheng,Slouching Toward Phase One,https://www.cfr.org/articles/slouching-toward-phase-one
chinas-record-manufacturing-surplus,March 2024,2024,sicheng,China's Record Manufacturing Surplus,https://www.cfr.org/articles/chinas-record-manufacturing-surplus
why-didnt-tariffs-push-us-dollar,July 2024,2024,sicheng,Why Didn't Tariffs Push Up the U.S. Dollar?,https://www.cfr.org/articles/why-didnt-tariffs-push-us-dollar
chinas-imaginary-trade-data,Aug 2024,2024,sicheng,China's Imaginary Trade Data,https://www.cfr.org/articles/chinas-imaginary-trade-data
china-also-fighting-trade-war-europe-and-winning,July 2025,2025,isaac,China Is Also Fighting a Trade War With Europe-and Winning,https://www.cfr.org/articles/china-also-fighting-trade-war-europe-and-winning
chinas-stealth-trade-surplus,July 2025,2025,isaac,China's Stealth Trade Surplus,https://www.cfr.org/articles/chinas-stealth-trade-surplus
trump-shock-wasnt-least-not-yet,Sept 2025,2025,isaac,The Trump Shock That Wasn't-At Least Not Yet,https://www.cfr.org/articles/trump-shock-wasnt-least-not-yet
chinas-massive-surplus-everywhere-yet-imf-still-has-trouble-seeing-it-clearly,Nov 2025,2025,isaac,China's Massive Surplus Is Everywhere,https://www.cfr.org/articles/chinas-massive-surplus-everywhere-yet-imf-still-has-trouble-seeing-it-clearly
understanding-the-low-october-2025-trade-deficit,Feb 2026,2026,isaac,Understanding the Low October 2025 Trade Deficit,https://www.cfr.org/articles/understanding-the-low-october-2025-trade-deficit
